Municipal_Council_Area,Province,District,DS_Division_Name,GND_Name,GND_Code
Colombo MC,Western,Colombo,Colombo,Sammanthranapura,LK1103005
Colombo MC,Western,Colombo,Colombo,Mattakkuliya,LK1103010
Colombo MC,Western,Colombo,Colombo,Modara,LK1103015
Colombo MC,Western,Colombo,Colombo,Madampitiya,LK1103020
Colombo MC,Western,Colombo,Colombo,Mahawatta,LK1103025
Colombo MC,Western,Colombo,Colombo,Aluthmawatha,LK1103030
Colombo MC,Western,Colombo,Colombo,Lunupokuna,LK1103035
Colombo MC,Western,Colombo,Colombo,Bloemendhal,LK1103040
Colombo MC,Western,Colombo,Colombo,Kotahena East,LK1103045
Colombo MC,Western,Colombo,Colombo,Kotahena West,LK1103050
Colombo MC,Western,Colombo,Colombo,Kochchikade North,LK1103055
Colombo MC,Western,Colombo,Colombo,Jinthupitiya,LK1103060
Colombo MC,Western,Colombo,Colombo,Masangasweediya,LK1103065
Colombo MC,Western,Colombo,Colombo,New Bazaar,LK1103070
Colombo MC,Western,Colombo,Colombo,Grandpass South,LK1103075
Colombo MC,Western,Colombo,Colombo,Grandpass North,LK1103080
Colombo MC,Western,Colombo,Colombo,Nawagampura,LK1103085
Colombo MC,Western,Colombo,Colombo,Maligawatta East,LK1103090
Colombo MC,Western,Colombo,Colombo,Khettarama,LK1103095
Colombo MC,Western,Colombo,Colombo,Aluthkade East,LK1103100
Colombo MC,Western,Colombo,Colombo,Aluthkade West,LK1103105
Colombo MC,Western,Colombo,Colombo,Kochchikade South,LK1103110
Colombo MC,Western,Colombo,Colombo,Pettah,LK1103115
Colombo MC,Western,Colombo,Colombo,Fort,LK1103120
Colombo MC,Western,Colombo,Colombo,Galle Face,LK1103125
Colombo MC,Western,Colombo,Colombo,Slave Island,LK1103130
Colombo MC,Western,Colombo,Colombo,Hunupitiya,LK1103135
Colombo MC,Western,Colombo,Colombo,Suduwella,LK1103140
Colombo MC,Western,Colombo,Colombo,Keselwatta,LK1103145
Colombo MC,Western,Colombo,Colombo,Panchikawatta,LK1103150
Colombo MC,Western,Colombo,Colombo,Maligawatta West,LK1103155
Colombo MC,Western,Colombo,Colombo,Maligakanda,LK1103160
Colombo MC,Western,Colombo,Colombo,Maradana,LK1103165
Colombo MC,Western,Colombo,Colombo,Ibbanwala,LK1103170
Colombo MC,Western,Colombo,Colombo,Wekanda,LK1103175
Colombo MC,Western,Colombo,Thimbirigasyaya,Kollupitiya,LK1127005
Colombo MC,Western,Colombo,Thimbirigasyaya,Bambalapitiya,LK1127010
Colombo MC,Western,Colombo,Thimbirigasyaya,Kurunduwatta,LK1127015
Colombo MC,Western,Colombo,Thimbirigasyaya,Kuppiyawatta West,LK1127020
Colombo MC,Western,Colombo,Thimbirigasyaya,Kuppiyawatta East,LK1127025
Colombo MC,Western,Colombo,Thimbirigasyaya,Dematagoda,LK1127030
Colombo MC,Western,Colombo,Thimbirigasyaya,Wanathamulla,LK1127035
Colombo MC,Western,Colombo,Thimbirigasyaya,Borella North,LK1127040
Colombo MC,Western,Colombo,Thimbirigasyaya,Borella South,LK1127045
Colombo MC,Western,Colombo,Thimbirigasyaya,Gothamipura,LK1127050
Colombo MC,Western,Colombo,Thimbirigasyaya,Narahenpita,LK1127055
Colombo MC,Western,Colombo,Thimbirigasyaya,Thimbirigasyaya,LK1127060
Colombo MC,Western,Colombo,Thimbirigasyaya,Milagiriya,LK1127065
Colombo MC,Western,Colombo,Thimbirigasyaya,Havelock Town,LK1127070
Colombo MC,Western,Colombo,Thimbirigasyaya,Kirula,LK1127075
Colombo MC,Western,Colombo,Thimbirigasyaya,Kirulapone,LK1127080
Colombo MC,Western,Colombo,Thimbirigasyaya,Wellawatta North,LK1127085
Colombo MC,Western,Colombo,Thimbirigasyaya,Wellawatta South,LK1127090
Colombo MC,Western,Colombo,Thimbirigasyaya,Pamankada West,LK1127095
Colombo MC,Western,Colombo,Thimbirigasyaya,Pamankada East,LK1127100
Dehiwala-Mount Lavinia MC,Western,Colombo,Dehiwala,Sri Saranankara,LK1130005
Dehiwala-Mount Lavinia MC,Western,Colombo,Dehiwala,Vilawala,LK1130010
Dehiwala-Mount Lavinia MC,Western,Colombo,Dehiwala,Dutugemunu,LK1130015
Dehiwala-Mount Lavinia MC,Western,Colombo,Dehiwala,Kohuwala,LK1130020
Dehiwala-Mount Lavinia MC,Western,Colombo,Dehiwala,Kalubovila,LK1130025
Dehiwala-Mount Lavinia MC,Western,Colombo,Dehiwala,Hathbodhiya,LK1130030
Dehiwala-Mount Lavinia MC,Western,Colombo,Dehiwala,Galwala,LK1130035
Dehiwala-Mount Lavinia MC,Western,Colombo,Dehiwala,Dehiwala West,LK1130040
Dehiwala-Mount Lavinia MC,Western,Colombo,Dehiwala,Dehiwala East,LK1130045
Dehiwala-Mount Lavinia MC,Western,Colombo,Dehiwala,Udyanaya,LK1130050
Dehiwala-Mount Lavinia MC,Western,Colombo,Dehiwala,Nedimala,LK1130055
Dehiwala-Mount Lavinia MC,Western,Colombo,Dehiwala,Malwatta,LK1130060
Dehiwala-Mount Lavinia MC,Western,Colombo,Dehiwala,Jayathilaka,LK1130065
Dehiwala-Mount Lavinia MC,Western,Colombo,Dehiwala,Karagampitiya,LK1130070
Dehiwala-Mount Lavinia MC,Western,Colombo,Dehiwala,Kawdana East,LK1130075
Dehiwala-Mount Lavinia MC,Western,Colombo,Ratmalana,Mount Lavinia,LK1131005
Dehiwala-Mount Lavinia MC,Western,Colombo,Ratmalana,Kawdana West,LK1131010
Dehiwala-Mount Lavinia MC,Western,Colombo,Ratmalana,Watarappala,LK1131015
Dehiwala-Mount Lavinia MC,Western,Colombo,Ratmalana,Wathumulla,LK1131020
Dehiwala-Mount Lavinia MC,Western,Colombo,Ratmalana,Katukurunduwatta,LK1131025
Dehiwala-Mount Lavinia MC,Western,Colombo,Ratmalana,Attidiya North,LK1131030
Dehiwala-Mount Lavinia MC,Western,Colombo,Ratmalana,Attidiya South,LK1131035
Dehiwala-Mount Lavinia MC,Western,Colombo,Ratmalana,Piriwena,LK1131040
Dehiwala-Mount Lavinia MC,Western,Colombo,Ratmalana,Wedikanda,LK1131045
Dehiwala-Mount Lavinia MC,Western,Colombo,Ratmalana,Vihara,LK1131050
Dehiwala-Mount Lavinia MC,Western,Colombo,Ratmalana,Rathmalana West,LK1131055
Dehiwala-Mount Lavinia MC,Western,Colombo,Ratmalana,Rathmalana East,LK1131060
Dehiwala-Mount Lavinia MC,Western,Colombo,Ratmalana,Kandawala,LK1131065
Sri Jayawardenepura Kotte MC,Western,Colombo,Sri Jayawardanapura Kotte,Obeysekarapura,LK1124005
Sri Jayawardenepura Kotte MC,Western,Colombo,Sri Jayawardanapura Kotte,Welikada West,LK1124010
Sri Jayawardenepura Kotte MC,Western,Colombo,Sri Jayawardanapura Kotte,Welikada East,LK1124015
Sri Jayawardenepura Kotte MC,Western,Colombo,Sri Jayawardanapura Kotte,Rajagiriya,LK1124020
Sri Jayawardenepura Kotte MC,Western,Colombo,Sri Jayawardanapura Kotte,Welikada North,LK1124025
Sri Jayawardenepura Kotte MC,Western,Colombo,Sri Jayawardanapura Kotte,Nawala West,LK1124030
Sri Jayawardenepura Kotte MC,Western,Colombo,Sri Jayawardanapura Kotte,Koswatta,LK1124035
Sri Jayawardenepura Kotte MC,Western,Colombo,Sri Jayawardanapura Kotte,Ethulkotte West,LK1124040
Sri Jayawardenepura Kotte MC,Western,Colombo,Sri Jayawardanapura Kotte,Ethulkotte,LK1124045
Sri Jayawardenepura Kotte MC,Western,Colombo,Sri Jayawardanapura Kotte,Pitakotte East,LK1124050
Sri Jayawardenepura Kotte MC,Western,Colombo,Sri Jayawardanapura Kotte,Pitakotte,LK1124055
Sri Jayawardenepura Kotte MC,Western,Colombo,Sri Jayawardanapura Kotte,Pitakotte West,LK1124060
Sri Jayawardenepura Kotte MC,Western,Colombo,Sri Jayawardanapura Kotte,Nawala East,LK1124065
Sri Jayawardenepura Kotte MC,Western,Colombo,Sri Jayawardanapura Kotte,Nugegoda West,LK1124070
Sri Jayawardenepura Kotte MC,Western,Colombo,Sri Jayawardanapura Kotte,Pagoda,LK1124075
Sri Jayawardenepura Kotte MC,Western,Colombo,Sri Jayawardanapura Kotte,Nugegoda,LK1124080
Sri Jayawardenepura Kotte MC,Western,Colombo,Sri Jayawardanapura Kotte,Pagoda East,LK1124085
Sri Jayawardenepura Kotte MC,Western,Colombo,Sri Jayawardanapura Kotte,Gangodavila North,LK1124090
Sri Jayawardenepura Kotte MC,Western,Colombo,Sri Jayawardanapura Kotte,Gangodavila South,LK1124095
Sri Jayawardenepura Kotte MC,Western,Colombo,Sri Jayawardanapura Kotte,Gangodavila East,LK1124100
Kaduwela MC,Western,Colombo,Kaduwela,Welivita,LK1109005
Kaduwela MC,Western,Colombo,Kaduwela,Raggahawatta,LK1109010
Kaduwela MC,Western,Colombo,Kaduwela,Hewagama,LK1109015
Kaduwela MC,Western,Colombo,Kaduwela,Kaduwela,LK1109020
Kaduwela MC,Western,Colombo,Kaduwela,Pahala Bomiriya A,LK1109025
Kaduwela MC,Western,Colombo,Kaduwela,Ihala Bomiriya,LK1109030
Kaduwela MC,Western,Colombo,Kaduwela,Wekewatta,LK1109035
Kaduwela MC,Western,Colombo,Kaduwela,Nawagamuwa,LK1109040
Kaduwela MC,Western,Colombo,Kaduwela,Pahala Bomiriya B,LK1109045
Kaduwela MC,Western,Colombo,Kaduwela,Welihinda,LK1109050
Kaduwela MC,Western,Colombo,Kaduwela,Kothalawala,LK1109055
Kaduwela MC,Western,Colombo,Kaduwela,Mahadeniya,LK1109060
Kaduwela MC,Western,Colombo,Kaduwela,Thalahena North,LK1109065
Kaduwela MC,Western,Colombo,Kaduwela,Malabe North,LK1109070
Kaduwela MC,Western,Colombo,Kaduwela,Thunadahena,LK1109075
Kaduwela MC,Western,Colombo,Kaduwela,Korathota,LK1109080
Kaduwela MC,Western,Colombo,Kaduwela,Nawagamuwa South,LK1109085
Kaduwela MC,Western,Colombo,Kaduwela,Batewela,LK1109090
Kaduwela MC,Western,Colombo,Kaduwela,Ranala,LK1109095
Kaduwela MC,Western,Colombo,Kaduwela,Dedigamuwa,LK1109100
Kaduwela MC,Western,Colombo,Kaduwela,Embilladeniya,LK1109105
Kaduwela MC,Western,Colombo,Kaduwela,Welipillewa,LK1109110
Kaduwela MC,Western,Colombo,Kaduwela,Shanthalokagama,LK1109115
Kaduwela MC,Western,Colombo,Kaduwela,Pore,LK1109120
Kaduwela MC,Western,Colombo,Kaduwela,Malabe East,LK1109125
Kaduwela MC,Western,Colombo,Kaduwela,Malabe West,LK1109130
Kaduwela MC,Western,Colombo,Kaduwela,Thalangama North B,LK1109135
Kaduwela MC,Western,Colombo,Kaduwela,Thalahena South,LK1109140
Kaduwela MC,Western,Colombo,Kaduwela,Muttettugoda,LK1109145
Kaduwela MC,Western,Colombo,Kaduwela,Thalangama North A,LK1109150
Kaduwela MC,Western,Colombo,Kaduwela,Walpola,LK1109155
Kaduwela MC,Western,Colombo,Kaduwela,Kalapaluwawa,LK1109160
Kaduwela MC,Western,Colombo,Kaduwela,Kotuwegoda,LK1109165
Kaduwela MC,Western,Colombo,Kaduwela,Subhoothipura,LK1109170
Kaduwela MC,Western,Colombo,Kaduwela,Udumulla,LK1109175
Kaduwela MC,Western,Colombo,Kaduwela,Battaramulla North,LK1109180
Kaduwela MC,Western,Colombo,Kaduwela,Batapotha,LK1109185
Kaduwela MC,Western,Colombo,Kaduwela,Pothuarawa,LK1109190
Kaduwela MC,Western,Colombo,Kaduwela,Hokandara North,LK1109195
Kaduwela MC,Western,Colombo,Kaduwela,Oruwala,LK1109200
Kaduwela MC,Western,Colombo,Kaduwela,Athurugiriya,LK1109205
Kaduwela MC,Western,Colombo,Kaduwela,Thaldiyawala,LK1109210
Kaduwela MC,Western,Colombo,Kaduwela,Boralugoda,LK1109215
Kaduwela MC,Western,Colombo,Kaduwela,Hokandara East,LK1109220
Kaduwela MC,Western,Colombo,Kaduwela,Arangala,LK1109225
Kaduwela MC,Western,Colombo,Kaduwela,Evarihena,LK1109230
Kaduwela MC,Western,Colombo,Kaduwela,Kumaragewatta,LK1109235
Kaduwela MC,Western,Colombo,Kaduwela,Jayawadanagama,LK1109240
Kaduwela MC,Western,Colombo,Kaduwela,Aruppitiya,LK1109245
Kaduwela MC,Western,Colombo,Kaduwela,Asiri Uyana,LK1109250
Kaduwela MC,Western,Colombo,Kaduwela,Battaramulla South,LK1109255
Kaduwela MC,Western,Colombo,Kaduwela,Rajamalwatta,LK1109260
Kaduwela MC,Western,Colombo,Kaduwela,Pahalawela,LK1109265
Kaduwela MC,Western,Colombo,Kaduwela,Wickramasinghapura,LK1109270
Kaduwela MC,Western,Colombo,Kaduwela,Wellangiriya,LK1109275
Kaduwela MC,Western,Colombo,Kaduwela,Hokandara South,LK1109280
Kaduwela MC,Western,Colombo,Kaduwela,Athurugiriya South,LK1109285
Moratuwa MC,Western,Colombo,Moratuwa,Angulana North,LK1133005
Moratuwa MC,Western,Colombo,Moratuwa,Kaldemulla,LK1133010
Moratuwa MC,Western,Colombo,Moratuwa,Soysapura North,LK1133015
Moratuwa MC,Western,Colombo,Moratuwa,Soysapura South,LK1133020
Moratuwa MC,Western,Colombo,Moratuwa,Dahampura,LK1133025
Moratuwa MC,Western,Colombo,Moratuwa,Thelawala North,LK1133030
Moratuwa MC,Western,Colombo,Moratuwa,Borupana,LK1133035
Moratuwa MC,Western,Colombo,Moratuwa,Thelawala South,LK1133040
Moratuwa MC,Western,Colombo,Moratuwa,Lakshapathiya North,LK1133045
Moratuwa MC,Western,Colombo,Moratuwa,Lakshapathiya Central,LK1133050
Moratuwa MC,Western,Colombo,Moratuwa,Angulana South,LK1133055
Moratuwa MC,Western,Colombo,Moratuwa,Uyana South,LK1133060
Moratuwa MC,Western,Colombo,Moratuwa,Uyana North,LK1133065
Moratuwa MC,Western,Colombo,Moratuwa,Rawathawatta South,LK1133070
Moratuwa MC,Western,Colombo,Moratuwa,Rawathawatta East,LK1133075
Moratuwa MC,Western,Colombo,Moratuwa,Lakshapathiya South,LK1133080
Moratuwa MC,Western,Colombo,Moratuwa,Kuduwamulla,LK1133085
Moratuwa MC,Western,Colombo,Moratuwa,Katubedda,LK1133090
Moratuwa MC,Western,Colombo,Moratuwa,Molpe,LK1133095
Moratuwa MC,Western,Colombo,Moratuwa,Moratumulla North,LK1133100
Moratuwa MC,Western,Colombo,Moratuwa,Kadalana,LK1133105
Moratuwa MC,Western,Colombo,Moratuwa,Rawathawatta West,LK1133110
Moratuwa MC,Western,Colombo,Moratuwa,Idama,LK1133115
Moratuwa MC,Western,Colombo,Moratuwa,Uswatta,LK1133120
Moratuwa MC,Western,Colombo,Moratuwa,Moratuwella South,LK1133125
Moratuwa MC,Western,Colombo,Moratuwa,Indibedda West,LK1133130
Moratuwa MC,Western,Colombo,Moratuwa,Moratumulla East,LK1133135
Moratuwa MC,Western,Colombo,Moratuwa,Moratumulla West,LK1133140
Moratuwa MC,Western,Colombo,Moratuwa,Villorawatta East,LK1133145
Moratuwa MC,Western,Colombo,Moratuwa,Villorawatta West,LK1133150
Moratuwa MC,Western,Colombo,Moratuwa,Indibedda East,LK1133155
Moratuwa MC,Western,Colombo,Moratuwa,Moratuwella North,LK1133160
Moratuwa MC,Western,Colombo,Moratuwa,Moratuwella West,LK1133165
Moratuwa MC,Western,Colombo,Moratuwa,Koralawella North,LK1133170
Moratuwa MC,Western,Colombo,Moratuwa,Koralawella East,LK1133175
Moratuwa MC,Western,Colombo,Moratuwa,Koralawella West,LK1133180
Moratuwa MC,Western,Colombo,Moratuwa,Koralawella South,LK1133185
Moratuwa MC,Western,Colombo,Moratuwa,Katukurunda North,LK1133190
Moratuwa MC,Western,Colombo,Moratuwa,Katukurunda South,LK1133195
Moratuwa MC,Western,Colombo,Moratuwa,Egoda Uyana North,LK1133200
Moratuwa MC,Western,Colombo,Moratuwa,Egoda Uyana Central,LK1133205
Moratuwa MC,Western,Colombo,Moratuwa,Egoda Uyana South,LK1133210
Negombo MC,Western,Gampaha,Negombo,Kammalthura,LK1203005
Negombo MC,Western,Gampaha,Negombo,Pallansena North,LK1203010
Negombo MC,Western,Gampaha,Negombo,Kochchikade,LK1203015
Negombo MC,Western,Gampaha,Negombo,Pallansena South,LK1203020
Negombo MC,Western,Gampaha,Negombo,Daluwakotuwa,LK1203025
Negombo MC,Western,Gampaha,Negombo,Palangathure,LK1203030
Negombo MC,Western,Gampaha,Negombo,Ettukala,LK1203035
Negombo MC,Western,Gampaha,Negombo,Daluwakotuwa East,LK1203040
Negombo MC,Western,Gampaha,Negombo,Kattuwa,LK1203045
Negombo MC,Western,Gampaha,Negombo,Dalupotha East,LK1203050
Negombo MC,Western,Gampaha,Negombo,Dalupotha,LK1203055
Negombo MC,Western,Gampaha,Negombo,Kudapaduwa,LK1203060
Negombo MC,Western,Gampaha,Negombo,Kudapaduwa North,LK1203065
Negombo MC,Western,Gampaha,Negombo,Kudapaduwa South,LK1203070
Negombo MC,Western,Gampaha,Negombo,Wellaweediya,LK1203075
Negombo MC,Western,Gampaha,Negombo,Wellaweediya East,LK1203080
Negombo MC,Western,Gampaha,Negombo,Periyamulla,LK1203085
Negombo MC,Western,Gampaha,Negombo,Hunupitiya,LK1203090
Negombo MC,Western,Gampaha,Negombo,Angurukaramulla,LK1203095
Negombo MC,Western,Gampaha,Negombo,Udayarthoppuwa,LK1203100
Negombo MC,Western,Gampaha,Negombo,Wellaweediya South,LK1203105
Negombo MC,Western,Gampaha,Negombo,Muttakkarai North,LK1203110
Negombo MC,Western,Gampaha,Negombo,Doowa,LK1203115
Negombo MC,Western,Gampaha,Negombo,Pitipana North,LK1203120
Negombo MC,Western,Gampaha,Negombo,Pitipana Central,LK1203125
Negombo MC,Western,Gampaha,Negombo,Muttakkarai,LK1203130
Negombo MC,Western,Gampaha,Negombo,Muttakkarai East,LK1203135
Negombo MC,Western,Gampaha,Negombo,Thaladoowa,LK1203140
Negombo MC,Western,Gampaha,Negombo,Udayarthoppuwa South,LK1203145
Negombo MC,Western,Gampaha,Negombo,Bolawalana,LK1203150
Negombo MC,Western,Gampaha,Negombo,Kurana West,LK1203155
Negombo MC,Western,Gampaha,Negombo,Kurana East,LK1203160
Negombo MC,Western,Gampaha,Negombo,Siriwardana Pedesa,LK1203165
Negombo MC,Western,Gampaha,Negombo,Pitipana South - East,LK1203170
Negombo MC,Western,Gampaha,Negombo,Pitipana South - West,LK1203175
Negombo MC,Western,Gampaha,Negombo,Thalahena,LK1203180
Negombo MC,Western,Gampaha,Negombo,Dungalpitiya,LK1203185
Negombo MC,Western,Gampaha,Negombo,Settappaduwa,LK1203190
Negombo MC,Western,Gampaha,Negombo,Kepungoda,LK1203195
Gampaha MC,Western,Gampaha,Gampaha,Makevita North,LK1224005
Gampaha MC,Western,Gampaha,Gampaha,Makevita South,LK1224010
Gampaha MC,Western,Gampaha,Gampaha,Mabima,LK1224015
Gampaha MC,Western,Gampaha,Gampaha,Gonagaha II,LK1224020
Gampaha MC,Western,Gampaha,Gampaha,Welikada,LK1224025
Gampaha MC,Western,Gampaha,Gampaha,Gonagaha I,LK1224030
Gampaha MC,Western,Gampaha,Gampaha,Ambanvita,LK1224035
Gampaha MC,Western,Gampaha,Gampaha,Kirindivita,LK1224040
Gampaha MC,Western,Gampaha,Gampaha,Akaravita,LK1224045
Gampaha MC,Western,Gampaha,Gampaha,Pahalagama,LK1224050
Gampaha MC,Western,Gampaha,Gampaha,Medagama II,LK1224055
Gampaha MC,Western,Gampaha,Gampaha,Ihalagama West,LK1224060
Gampaha MC,Western,Gampaha,Gampaha,Ihalagama East,LK1224065
Gampaha MC,Western,Gampaha,Gampaha,Gampaha Aluthgama North,LK1224070
Gampaha MC,Western,Gampaha,Gampaha,Karanekamulla,LK1224075
Gampaha MC,Western,Gampaha,Gampaha,Baduwathugoda,LK1224080
Gampaha MC,Western,Gampaha,Gampaha,Boraliyawatha,LK1224085
Gampaha MC,Western,Gampaha,Gampaha,Thittalapitigoda,LK1224090
Gampaha MC,Western,Gampaha,Gampaha,Aluthgama Bogamuwa North,LK1224095
Gampaha MC,Western,Gampaha,Gampaha,Aluthgama Bogamuwa South,LK1224100
Gampaha MC,Western,Gampaha,Gampaha,Mahipalagoda,LK1224105
Gampaha MC,Western,Gampaha,Gampaha,Morenna,LK1224110
Gampaha MC,Western,Gampaha,Gampaha,Weediyawatta,LK1224115
Gampaha MC,Western,Gampaha,Gampaha,Keselwathugoda North,LK1224120
Gampaha MC,Western,Gampaha,Gampaha,Indigolla,LK1224125
Gampaha MC,Western,Gampaha,Gampaha,Gampaha Aluthgama West,LK1224130
Gampaha MC,Western,Gampaha,Gampaha,Bendiyamulla North,LK1224135
Gampaha MC,Western,Gampaha,Gampaha,Medagama IV,LK1224140
Gampaha MC,Western,Gampaha,Gampaha,Medagama III,LK1224145
Gampaha MC,Western,Gampaha,Gampaha,Medagama I,LK1224150
Gampaha MC,Western,Gampaha,Gampaha,Oruthota South,LK1224155
Gampaha MC,Western,Gampaha,Gampaha,Kosovita,LK1224160
Gampaha MC,Western,Gampaha,Gampaha,Rathmalavita,LK1224165
Gampaha MC,Western,Gampaha,Gampaha,Makilangamuwa,LK1224170
Gampaha MC,Western,Gampaha,Gampaha,Horagolla North,LK1224175
Gampaha MC,Western,Gampaha,Gampaha,Thibbotugoda,LK1224180
Gampaha MC,Western,Gampaha,Gampaha,Midellavita,LK1224185
Gampaha MC,Western,Gampaha,Gampaha,Kudabollatha,LK1224190
Gampaha MC,Western,Gampaha,Gampaha,Bollatha North,LK1224195
Gampaha MC,Western,Gampaha,Gampaha,Wewel Agara,LK1224200
Gampaha MC,Western,Gampaha,Gampaha,Bollatha West,LK1224205
Gampaha MC,Western,Gampaha,Gampaha,Bollatha South,LK1224210
Gampaha MC,Western,Gampaha,Gampaha,Bulugahagoda West,LK1224215
Gampaha MC,Western,Gampaha,Gampaha,Bulugahagoda East,LK1224220
Gampaha MC,Western,Gampaha,Gampaha,Galahitiyawa North,LK1224225
Gampaha MC,Western,Gampaha,Gampaha,Horagolla South,LK1224230
Gampaha MC,Western,Gampaha,Gampaha,Neduna,LK1224235
Gampaha MC,Western,Gampaha,Gampaha,Pahala Yagoda,LK1224240
Gampaha MC,Western,Gampaha,Gampaha,Oruthota North,LK1224245
Gampaha MC,Western,Gampaha,Gampaha,Moragoda 1,LK1224250
Gampaha MC,Western,Gampaha,Gampaha,Bendiyamulla West,LK1224255
Gampaha MC,Western,Gampaha,Gampaha,Kidagammulla,LK1224260
Gampaha MC,Western,Gampaha,Gampaha,Bendiyamulla East,LK1224265
Gampaha MC,Western,Gampaha,Gampaha,Gampaha Aluthgama East,LK1224270
Gampaha MC,Western,Gampaha,Gampaha,Keselwathugoda South,LK1224275
Gampaha MC,Western,Gampaha,Gampaha,Yakkala North,LK1224280
Gampaha MC,Western,Gampaha,Gampaha,Galthotamulla,LK1224285
Gampaha MC,Western,Gampaha,Gampaha,Yakkala West,LK1224290
Gampaha MC,Western,Gampaha,Gampaha,Pepolgasdeniya,LK1224295
Gampaha MC,Western,Gampaha,Gampaha,Yakkala East,LK1224300
Gampaha MC,Western,Gampaha,Gampaha,Yakkala South,LK1224305
Gampaha MC,Western,Gampaha,Gampaha,Henarathgoda,LK1224310
Gampaha MC,Western,Gampaha,Gampaha,Mudungoda West,LK1224315
Gampaha MC,Western,Gampaha,Gampaha,Moragoda 2,LK1224320
Gampaha MC,Western,Gampaha,Gampaha,Ihala Yagoda North,LK1224325
Gampaha MC,Western,Gampaha,Gampaha,Mahena,LK1224330
Gampaha MC,Western,Gampaha,Gampaha,Ganemulla South,LK1224335
Gampaha MC,Western,Gampaha,Gampaha,Ganemulla North,LK1224340
Gampaha MC,Western,Gampaha,Gampaha,Galahitiyawa East,LK1224345
Gampaha MC,Western,Gampaha,Gampaha,Galahitiyawa South,LK1224350
Gampaha MC,Western,Gampaha,Gampaha,Kossinna East,LK1224355
Gampaha MC,Western,Gampaha,Gampaha,Amunugoda North,LK1224360
Gampaha MC,Western,Gampaha,Gampaha,Ihala Yagoda South,LK1224365
Gampaha MC,Western,Gampaha,Gampaha,Mudungoda South,LK1224370
Gampaha MC,Western,Gampaha,Gampaha,Mudungoda North,LK1224375
Gampaha MC,Western,Gampaha,Gampaha,Godagedara,LK1224380
Gampaha MC,Western,Gampaha,Gampaha,Rathupaswala,LK1224385
Gampaha MC,Western,Gampaha,Gampaha,Galloluwa,LK1224390
Gampaha MC,Western,Gampaha,Gampaha,Belummahara,LK1224395
Gampaha MC,Western,Gampaha,Gampaha,Ihala Imbulgoda North,LK1224400
Gampaha MC,Western,Gampaha,Gampaha,Ihala Imbulgoda South,LK1224405
Gampaha MC,Western,Gampaha,Gampaha,Pahala Imbulgoda South,LK1224410
Gampaha MC,Western,Gampaha,Gampaha,Pahala Imbulgoda West,LK1224415
Gampaha MC,Western,Gampaha,Gampaha,Amunugoda South,LK1224420
Gampaha MC,Western,Gampaha,Gampaha,Parakandeniya North 1,LK1224425
Gampaha MC,Western,Gampaha,Gampaha,Kossinna West 1,LK1224430
Gampaha MC,Western,Gampaha,Gampaha,Katuwalamulla North,LK1224435
Gampaha MC,Western,Gampaha,Gampaha,Kossinna West 2,LK1224440
Gampaha MC,Western,Gampaha,Gampaha,Katuwalamulla South,LK1224445
Gampaha MC,Western,Gampaha,Gampaha,Parakandeniya North 2,LK1224450
Gampaha MC,Western,Gampaha,Gampaha,Parakandeniya,LK1224455
Gampaha MC,Western,Gampaha,Gampaha,Pahala Imbulgoda East,LK1224460
Gampaha MC,Western,Gampaha,Gampaha,Embaraluwa North 2,LK1224465
Gampaha MC,Western,Gampaha,Gampaha,Embaraluwa North 1,LK1224470
Gampaha MC,Western,Gampaha,Gampaha,Weliweriya West,LK1224475
Gampaha MC,Western,Gampaha,Gampaha,Nedungamuwa,LK1224480
Gampaha MC,Western,Gampaha,Gampaha,Weliweriya East,LK1224485
Gampaha MC,Western,Gampaha,Gampaha,Weliweriya North,LK1224490
Gampaha MC,Western,Gampaha,Gampaha,Weliweriya South,LK1224495
Gampaha MC,Western,Gampaha,Gampaha,Embaraluwa South 1,LK1224500
Gampaha MC,Western,Gampaha,Gampaha,Embaraluwa South 2,LK1224505
Kandy MC,Central,Kandy,Gangawata Korale,Mavilmada,LK2130005
Kandy MC,Central,Kandy,Gangawata Korale,Siyambalagasthenna,LK2130010
Kandy MC,Central,Kandy,Gangawata Korale,Pitakanda Gama,LK2130015
Kandy MC,Central,Kandy,Gangawata Korale,Senkadagala,LK2130020
Kandy MC,Central,Kandy,Gangawata Korale,Wattaranthenna,LK2130025
Kandy MC,Central,Kandy,Gangawata Korale,Nittawela,LK2130030
Kandy MC,Central,Kandy,Gangawata Korale,Watapuluwa,LK2130035
Kandy MC,Central,Kandy,Gangawata Korale,Mahaweli Uyana,LK2130040
Kandy MC,Central,Kandy,Gangawata Korale,Watapuluwa South,LK2130045
Kandy MC,Central,Kandy,Gangawata Korale,Aruppala East,LK2130050
Kandy MC,Central,Kandy,Gangawata Korale,Aruppala West,LK2130055
Kandy MC,Central,Kandy,Gangawata Korale,Watapuluwa West,LK2130060
Kandy MC,Central,Kandy,Gangawata Korale,Mahaiyawa,LK2130065
Kandy MC,Central,Kandy,Gangawata Korale,Mapanawathura,LK2130070
Kandy MC,Central,Kandy,Gangawata Korale,Poorna Watta East,LK2130075
Kandy MC,Central,Kandy,Gangawata Korale,Poorna Watta West,LK2130080
Kandy MC,Central,Kandy,Gangawata Korale,Asgiriya,LK2130085
Kandy MC,Central,Kandy,Gangawata Korale,Bahirawa Kanda,LK2130090
Kandy MC,Central,Kandy,Gangawata Korale,Nuwara Dodamwala,LK2130095
Kandy MC,Central,Kandy,Gangawata Korale,Aniwatta East,LK2130100
Kandy MC,Central,Kandy,Gangawata Korale,Katukele West,LK2130105
Kandy MC,Central,Kandy,Gangawata Korale,Katukele,LK2130110
Kandy MC,Central,Kandy,Gangawata Korale,Ihala Katukele,LK2130115
Kandy MC,Central,Kandy,Gangawata Korale,Mahanuwara,LK2130120
Kandy MC,Central,Kandy,Gangawata Korale,Lewella,LK2130125
Kandy MC,Central,Kandy,Gangawata Korale,Thalwatta,LK2130130
Kandy MC,Central,Kandy,Gangawata Korale,Boowelikada,LK2130135
Kandy MC,Central,Kandy,Gangawata Korale,Malwatta,LK2130140
Kandy MC,Central,Kandy,Gangawata Korale,Bogambara,LK2130145
Kandy MC,Central,Kandy,Gangawata Korale,Deiyannewela,LK2130150
Kandy MC,Central,Kandy,Gangawata Korale,Nagasthenna,LK2130155
Kandy MC,Central,Kandy,Gangawata Korale,Suduhumpala East,LK2130160
Kandy MC,Central,Kandy,Gangawata Korale,Suduhumpala West,LK2130165
Kandy MC,Central,Kandy,Gangawata Korale,Welata,LK2130170
Kandy MC,Central,Kandy,Gangawata Korale,Aniwatta West,LK2130175
Kandy MC,Central,Kandy,Gangawata Korale,Getambe,LK2130180
Kandy MC,Central,Kandy,Gangawata Korale,Pahala Eriyagama,LK2130185
Kandy MC,Central,Kandy,Gangawata Korale,Godagandeniya,LK2130190
Kandy MC,Central,Kandy,Gangawata Korale,Palle Peradeniya,LK2130195
Kandy MC,Central,Kandy,Gangawata Korale,Uda Bowala,LK2130200
Kandy MC,Central,Kandy,Gangawata Korale,Bowala,LK2130205
Kandy MC,Central,Kandy,Gangawata Korale,Mulgampala,LK2130210
Kandy MC,Central,Kandy,Gangawata Korale,Heeressagala,LK2130215
Kandy MC,Central,Kandy,Gangawata Korale,Hanthana Pedesa,LK2130220
Kandy MC,Central,Kandy,Gangawata Korale,Ampitiya South,LK2130225
Kandy MC,Central,Kandy,Gangawata Korale,Ampitiya North,LK2130230
Kandy MC,Central,Kandy,Gangawata Korale,Ampitiya Udagama North,LK2130235
Kandy MC,Central,Kandy,Gangawata Korale,Thennakumbura,LK2130240
Kandy MC,Central,Kandy,Gangawata Korale,Ampitiya Pallegama,LK2130245
Kandy MC,Central,Kandy,Gangawata Korale,Meddegama,LK2130250
Kandy MC,Central,Kandy,Gangawata Korale,Ampitiya Udagama South,LK2130255
Kandy MC,Central,Kandy,Gangawata Korale,Wewathenna,LK2130260
Kandy MC,Central,Kandy,Gangawata Korale,Ulpathakumbura,LK2130265
Kandy MC,Central,Kandy,Gangawata Korale,Gurudeniya West,LK2130270
Kandy MC,Central,Kandy,Gangawata Korale,Gurudeniya East,LK2130275
Kandy MC,Central,Kandy,Gangawata Korale,Maligathenna,LK2130280
Kandy MC,Central,Kandy,Gangawata Korale,Gurudeniya Dambawela,LK2130285
Kandy MC,Central,Kandy,Gangawata Korale,Lewla,LK2130290
Kandy MC,Central,Kandy,Gangawata Korale,Ketawala,LK2130295
Kandy MC,Central,Kandy,Gangawata Korale,Bowalawatta,LK2130300
Kandy MC,Central,Kandy,Gangawata Korale,Ogastawatta,LK2130305
Kandy MC,Central,Kandy,Gangawata Korale,Uda Peradeniya,LK2130310
Kandy MC,Central,Kandy,Gangawata Korale,Hindagala,LK2130315
Kandy MC,Central,Kandy,Gangawata Korale,Mahakanda,LK2130320
Matale MC,Central,Matale,Matale,Narangamuwa,LK2218005
Matale MC,Central,Matale,Matale,Madawala Ulpatha,LK2218010
Matale MC,Central,Matale,Matale,Thalagasyaya,LK2218015
Matale MC,Central,Matale,Matale,Madawala,LK2218020
Matale MC,Central,Matale,Matale,Rajjammana,LK2218025
Matale MC,Central,Matale,Matale,Moragahamada,LK2218030
Matale MC,Central,Matale,Matale,Hathamunagala,LK2218035
Matale MC,Central,Matale,Matale,Ankanda,LK2218040
Matale MC,Central,Matale,Matale,Puwakpitiya,LK2218045
Matale MC,Central,Matale,Matale,Walliwela,LK2218050
Matale MC,Central,Matale,Matale,Galwadukumbura,LK2218055
Matale MC,Central,Matale,Matale,Dombawela,LK2218060
Matale MC,Central,Matale,Matale,Kawatayamuna,LK2218065
Matale MC,Central,Matale,Matale,Eriyagolla,LK2218070
Matale MC,Central,Matale,Matale,Imbulandanda,LK2218075
Matale MC,Central,Matale,Matale,Golahenwatta,LK2218080
Matale MC,Central,Matale,Matale,Parana Dombawela,LK2218085
Matale MC,Central,Matale,Matale,Ellepola,LK2218090
Matale MC,Central,Matale,Matale,Palapathwala,LK2218095
Matale MC,Central,Matale,Matale,Kottagoda,LK2218100
Matale MC,Central,Matale,Matale,Owala Polwatta,LK2218105
Matale MC,Central,Matale,Matale,Makulgaharuppa,LK2218110
Matale MC,Central,Matale,Matale,Udugama,LK2218115
Matale MC,Central,Matale,Matale,Dunkalawatta,LK2218125
Matale MC,Central,Matale,Matale,Dorakumbura,LK2218130
Matale MC,Central,Matale,Matale,Biridewala,LK2218135
Matale MC,Central,Matale,Matale,Aluvihare,LK2218140
Matale MC,Central,Matale,Matale,Dikkiriya,LK2218145
Matale MC,Central,Matale,Matale,Parawatta,LK2218150
Matale MC,Central,Matale,Matale,Kaludewala,LK2218155
Matale MC,Central,Matale,Matale,Mandandawela,LK2218160
Matale MC,Central,Matale,Matale,Bogahakotuwa,LK2218165
Matale MC,Central,Matale,Matale,Harasgama,LK2218170
Matale MC,Central,Matale,Matale,Kandegedara,LK2218175
Matale MC,Central,Matale,Matale,Malwatta,LK2218180
Matale MC,Central,Matale,Matale,Vihara Road,LK2218185
Matale MC,Central,Matale,Matale,Muslim Town,LK2218190
Matale MC,Central,Matale,Matale,Oya Pahala,LK2218195
Matale MC,Central,Matale,Matale,Gongawela,LK2218200
Matale MC,Central,Matale,Matale,Sinhala Town,LK2218205
Matale MC,Central,Matale,Matale,Dodamdeniya,LK2218210
Matale MC,Central,Matale,Matale,Hulangamuwa South,LK2218215
Matale MC,Central,Matale,Matale,Hulangamuwa North,LK2218220
Matale MC,Central,Matale,Matale,Diyabubula,LK2218225
Matale MC,Central,Matale,Matale,Maligathenna,LK2218230
Matale MC,Central,Matale,Matale,Nagolla,LK2218235
Matale MC,Central,Matale,Matale,Pandivita,LK2218240
Matale MC,Central,Matale,Matale,Pandivita Welagama,LK2218245
Matale MC,Central,Matale,Matale,Kotuwegedara North,LK2218250
Matale MC,Central,Matale,Matale,Koombiyangoda,LK2218255
Matale MC,Central,Matale,Matale,Kotuwegedara South,LK2218260
Matale MC,Central,Matale,Matale,[unknown],LK2218265
Dambulla MC,Central,Matale,Dambulla,Siyambala Wewa,LK2206005
Dambulla MC,Central,Matale,Dambulla,Avudangawa,LK2206010
Dambulla MC,Central,Matale,Dambulla,Gedigaswalana,LK2206015
Dambulla MC,Central,Matale,Dambulla,Pidurangala,LK2206020
Dambulla MC,Central,Matale,Dambulla,Thalkote,LK2206025
Dambulla MC,Central,Matale,Dambulla,Digampathaha,LK2206030
Dambulla MC,Central,Matale,Dambulla,Inamaluwa,LK2206035
Dambulla MC,Central,Matale,Dambulla,Nagalawewa,LK2206040
Dambulla MC,Central,Matale,Dambulla,Pothana,LK2206045
Dambulla MC,Central,Matale,Dambulla,Kimbissa,LK2206050
Dambulla MC,Central,Matale,Dambulla,Egodawewa,LK2206055
Dambulla MC,Central,Matale,Dambulla,Palutawa,LK2206060
Dambulla MC,Central,Matale,Dambulla,Sigiriya,LK2206065
Dambulla MC,Central,Matale,Dambulla,Mailattawa,LK2206070
Dambulla MC,Central,Matale,Dambulla,Pol Attawa,LK2206075
Dambulla MC,Central,Matale,Dambulla,Nikawatawana,LK2206080
Dambulla MC,Central,Matale,Dambulla,Kumbukkandanwala,LK2206085
Dambulla MC,Central,Matale,Dambulla,Bellanneoya,LK2206090
Dambulla MC,Central,Matale,Dambulla,Rathmalkatuwa,LK2206095
Dambulla MC,Central,Matale,Dambulla,Welihena,LK2206100
Dambulla MC,Central,Matale,Dambulla,Etawarahena,LK2206105
Dambulla MC,Central,Matale,Dambulla,Pallegama,LK2206110
Dambulla MC,Central,Matale,Dambulla,Bulagala,LK2206115
Dambulla MC,Central,Matale,Dambulla,Pelvehera,LK2206120
Dambulla MC,Central,Matale,Dambulla,[unknown],LK2206125
Dambulla MC,Central,Matale,Dambulla,Pahala Erevula,LK2206130
Dambulla MC,Central,Matale,Dambulla,Ihala Ereula,LK2206135
Dambulla MC,Central,Matale,Dambulla,Welangolla,LK2206140
Dambulla MC,Central,Matale,Dambulla,Wewala Wewa,LK2206145
Dambulla MC,Central,Matale,Dambulla,Yakkuragala North,LK2206150
Dambulla MC,Central,Matale,Dambulla,Vilhatha,LK2206155
Dambulla MC,Central,Matale,Dambulla,Athuparayaya,LK2206160
Dambulla MC,Central,Matale,Dambulla,Pahala Wewa,LK2206165
Dambulla MC,Central,Matale,Dambulla,Dambulla Town,LK2206170
Dambulla MC,Central,Matale,Dambulla,Dambulugama,LK2206175
Dambulla MC,Central,Matale,Dambulla,Haluapullana Wewa,LK2206180
Dambulla MC,Central,Matale,Dambulla,Pohoranwewa,LK2206185
Dambulla MC,Central,Matale,Dambulla,Yapagama,LK2206190
Dambulla MC,Central,Matale,Dambulla,Rathmalgaha Ela,LK2206195
Dambulla MC,Central,Matale,Dambulla,Yakkuragala South,LK2206200
Dambulla MC,Central,Matale,Dambulla,Kalundewa Aluthgama,LK2206205
Dambulla MC,Central,Matale,Dambulla,Angunawel Pelessa,LK2206210
Dambulla MC,Central,Matale,Dambulla,Kalogaha Ela,LK2206215
Dambulla MC,Central,Matale,Dambulla,Thittawelgolla,LK2206220
Dambulla MC,Central,Matale,Dambulla,Moragollewa,LK2206225
Dambulla MC,Central,Matale,Dambulla,Kapuwatta,LK2206230
Dambulla MC,Central,Matale,Dambulla,Kiralagolla,LK2206235
Dambulla MC,Central,Matale,Dambulla,Wavulambe,LK2206240
Dambulla MC,Central,Matale,Dambulla,Embulambe,LK2206245
Dambulla MC,Central,Matale,Dambulla,Puwak Attawala,LK2206250
Dambulla MC,Central,Matale,Dambulla,Kalundewa Paranagama,LK2206255
Dambulla MC,Central,Matale,Dambulla,Walgamwewa,LK2206260
Dambulla MC,Central,Matale,Dambulla,Pannampitiya,LK2206270
Dambulla MC,Central,Matale,Dambulla,Welamitiyawa,LK2206275
Dambulla MC,Central,Matale,Dambulla,Etha Bendiwewa,LK2206280
Dambulla MC,Central,Matale,Dambulla,Lenadora North,LK2206285
Dambulla MC,Central,Matale,Dambulla,Lenadora South,LK2206290
Dambulla MC,Central,Matale,Dambulla,Nayakumbura,LK2206295
Dambulla MC,Central,Matale,Dambulla,Kandalama,LK2206300
Nuwara Eliya MC,Central,Nuwara Eliya,Nuwara Eliya,Bangalahatha,LK2312030
Nuwara Eliya MC,Central,Nuwara Eliya,Nuwara Eliya,Toppass,LK2312035
Nuwara Eliya MC,Central,Nuwara Eliya,Nuwara Eliya,Park,LK2312040
Nuwara Eliya MC,Central,Nuwara Eliya,Nuwara Eliya,Concordia,LK2312045
Nuwara Eliya MC,Central,Nuwara Eliya,Nuwara Eliya,Kandapola,LK2312050
Nuwara Eliya MC,Central,Nuwara Eliya,Nuwara Eliya,Kandapola Central,LK2312055
Nuwara Eliya MC,Central,Nuwara Eliya,Nuwara Eliya,Hawaeliya East,LK2312060
Nuwara Eliya MC,Central,Nuwara Eliya,Nuwara Eliya,Bambarakele,LK2312065
Nuwara Eliya MC,Central,Nuwara Eliya,Nuwara Eliya,Nuwaraeliya West,LK2312070
Nuwara Eliya MC,Central,Nuwara Eliya,Nuwara Eliya,Shanthipura,LK2312075
Nuwara Eliya MC,Central,Nuwara Eliya,Nuwara Eliya,Kalapura,LK2312080
Nuwara Eliya MC,Central,Nuwara Eliya,Nuwara Eliya,Rathnagiriya,LK2312140
Nuwara Eliya MC,Central,Nuwara Eliya,Nuwara Eliya,Summerset,LK2312150
Nuwara Eliya MC,Central,Nuwara Eliya,Nuwara Eliya,Nanuoya,LK2312155
Nuwara Eliya MC,Central,Nuwara Eliya,Nuwara Eliya,Windicorner,LK2312160
Nuwara Eliya MC,Central,Nuwara Eliya,Nuwara Eliya,Nuwaraeliya,LK2312165
Nuwara Eliya MC,Central,Nuwara Eliya,Nuwara Eliya,Nuwara Eliya Central,LK2312170
Nuwara Eliya MC,Central,Nuwara Eliya,Nuwara Eliya,Hawaeliya North,LK2312175
Nuwara Eliya MC,Central,Nuwara Eliya,Nuwara Eliya,Hawaeliya West,LK2312180
Nuwara Eliya MC,Central,Nuwara Eliya,Nuwara Eliya,Bulu Ela,LK2312185
Nuwara Eliya MC,Central,Nuwara Eliya,Nuwara Eliya,Galpalama,LK2312190
Nuwara Eliya MC,Central,Nuwara Eliya,Nuwara Eliya,Jayalanka,LK2312195
Nuwara Eliya MC,Central,Nuwara Eliya,Nuwara Eliya,Kandapola East,LK2312200
Nuwara Eliya MC,Central,Nuwara Eliya,Nuwara Eliya,Pedro,LK2312205
Nuwara Eliya MC,Central,Nuwara Eliya,Nuwara Eliya,Goredihela,LK2312210
Nuwara Eliya MC,Central,Nuwara Eliya,Nuwara Eliya,Seethaeliya,LK2312215
Nuwara Eliya MC,Central,Nuwara Eliya,Nuwara Eliya,Sandathenna,LK2312220
Nuwara Eliya MC,Central,Nuwara Eliya,Nuwara Eliya,Kelegala,LK2312225
Nuwara Eliya MC,Central,Nuwara Eliya,Nuwara Eliya,Kalukele,LK2312230
Nuwara Eliya MC,Central,Nuwara Eliya,Nuwara Eliya,Magasthota,LK2312235
Nuwara Eliya MC,Central,Nuwara Eliya,Nuwara Eliya,Ruwaneliya,LK2312240
Nuwara Eliya MC,Central,Nuwara Eliya,Nuwara Eliya,Perakumpura,LK2312245
Nuwara Eliya MC,Central,Nuwara Eliya,Nuwara Eliya,Kirimetiya,LK2312250
Nuwara Eliya MC,Central,Nuwara Eliya,Nuwara Eliya,Magoda,LK2312290
Nuwara Eliya MC,Central,Nuwara Eliya,Nuwara Eliya,Mihindupura,LK2312295
Nuwara Eliya MC,Central,Nuwara Eliya,Nuwara Eliya,Meepilimana,LK2312300
Nuwara Eliya MC,Central,Nuwara Eliya,Nuwara Eliya,Ambewela,LK2312305
Nuwara Eliya MC,Central,Nuwara Eliya,Nuwara Eliya,Pattipola,LK2312310
Galle MC,Southern,Galle,Galle 4 Gravets,Ukwatta East,LK3139005
Galle MC,Southern,Galle,Galle 4 Gravets,Ukwatta West,LK3139010
Galle MC,Southern,Galle,Galle 4 Gravets,Maha Hapugala,LK3139015
Galle MC,Southern,Galle,Galle 4 Gravets,Kurunduwatta,LK3139020
Galle MC,Southern,Galle,Galle 4 Gravets,Welipitimodara,LK3139025
Galle MC,Southern,Galle,Galle 4 Gravets,Ginthota West,LK3139030
Galle MC,Southern,Galle,Galle 4 Gravets,Ginthota East,LK3139035
Galle MC,Southern,Galle,Galle 4 Gravets,Piyadigama,LK3139040
Galle MC,Southern,Galle,Galle 4 Gravets,Bope North,LK3139045
Galle MC,Southern,Galle,Galle 4 Gravets,Bope East,LK3139050
Galle MC,Southern,Galle,Galle 4 Gravets,Kumbalwella North,LK3139055
Galle MC,Southern,Galle,Galle 4 Gravets,Madawalamulla North,LK3139060
Galle MC,Southern,Galle,Galle 4 Gravets,Madawalamulla South,LK3139065
Galle MC,Southern,Galle,Galle 4 Gravets,Deddugoda North,LK3139070
Galle MC,Southern,Galle,Galle 4 Gravets,Deddugoda South,LK3139075
Galle MC,Southern,Galle,Galle 4 Gravets,Maitipe,LK3139080
Galle MC,Southern,Galle,Galle 4 Gravets,Welipatha,LK3139085
Galle MC,Southern,Galle,Galle 4 Gravets,Maligaspe,LK3139090
Galle MC,Southern,Galle,Galle 4 Gravets,Dangedara East,LK3139095
Galle MC,Southern,Galle,Galle 4 Gravets,Dangedara West,LK3139100
Galle MC,Southern,Galle,Galle 4 Gravets,Bataganvila,LK3139105
Galle MC,Southern,Galle,Galle 4 Gravets,Galwadugoda,LK3139110
Galle MC,Southern,Galle,Galle 4 Gravets,Richmond Kanda,LK3139115
Galle MC,Southern,Galle,Galle 4 Gravets,Bope West,LK3139120
Galle MC,Southern,Galle,Galle 4 Gravets,Siyambalagahawatta,LK3139125
Galle MC,Southern,Galle,Galle 4 Gravets,Dadalla East,LK3139130
Galle MC,Southern,Galle,Galle 4 Gravets,Dadalla West,LK3139135
Galle MC,Southern,Galle,Galle 4 Gravets,Walawwatta,LK3139140
Galle MC,Southern,Galle,Galle 4 Gravets,Kumbalwella South,LK3139145
Galle MC,Southern,Galle,Galle 4 Gravets,Mahamodara,LK3139150
Galle MC,Southern,Galle,Galle 4 Gravets,Osanagoda,LK3139155
Galle MC,Southern,Galle,Galle 4 Gravets,Kandewatta,LK3139160
Galle MC,Southern,Galle,Galle 4 Gravets,Sanghamittapura,LK3139165
Galle MC,Southern,Galle,Galle 4 Gravets,Madapathala,LK3139170
Galle MC,Southern,Galle,Galle 4 Gravets,Pokunawatta,LK3139175
Galle MC,Southern,Galle,Galle 4 Gravets,Milidduwa,LK3139180
Galle MC,Southern,Galle,Galle 4 Gravets,Ettiligoda South,LK3139185
Galle MC,Southern,Galle,Galle 4 Gravets,Makuluwa,LK3139190
Galle MC,Southern,Galle,Galle 4 Gravets,Pettigalawatta,LK3139195
Galle MC,Southern,Galle,Galle 4 Gravets,Thalapitiya,LK3139200
Galle MC,Southern,Galle,Galle 4 Gravets,Kongaha,LK3139205
Galle MC,Southern,Galle,Galle 4 Gravets,Weliwatta,LK3139210
Galle MC,Southern,Galle,Galle 4 Gravets,Minuwangoda,LK3139215
Galle MC,Southern,Galle,Galle 4 Gravets,Kaluwella,LK3139220
Galle MC,Southern,Galle,Galle 4 Gravets,Cheena Koratuwa,LK3139225
Galle MC,Southern,Galle,Galle 4 Gravets,Fort,LK3139230
Galle MC,Southern,Galle,Galle 4 Gravets,Magalla,LK3139235
Galle MC,Southern,Galle,Galle 4 Gravets,Dewathura,LK3139240
Galle MC,Southern,Galle,Galle 4 Gravets,Katugoda,LK3139245
Galle MC,Southern,Galle,Galle 4 Gravets,Dewata,LK3139250
Matara MC,Southern,Matara,Matara Four Gravets,Deeyagaha East,LK3242005
Matara MC,Southern,Matara,Matara Four Gravets,Kekanadura East,LK3242010
Matara MC,Southern,Matara,Matara Four Gravets,Kokawala,LK3242015
Matara MC,Southern,Matara,Matara Four Gravets,Parawahera East,LK3242020
Matara MC,Southern,Matara,Matara Four Gravets,Parawahera North,LK3242025
Matara MC,Southern,Matara,Matara Four Gravets,Kekanadura North,LK3242030
Matara MC,Southern,Matara,Matara Four Gravets,Kekanadura Central,LK3242035
Matara MC,Southern,Matara,Matara Four Gravets,Deeyagaha West,LK3242040
Matara MC,Southern,Matara,Matara Four Gravets,Navimana North,LK3242045
Matara MC,Southern,Matara,Matara Four Gravets,Pahalagoda,LK3242050
Matara MC,Southern,Matara,Matara Four Gravets,Navimana South,LK3242055
Matara MC,Southern,Matara,Matara Four Gravets,Thudawa East,LK3242060
Matara MC,Southern,Matara,Matara Four Gravets,Thudawa North,LK3242065
Matara MC,Southern,Matara,Matara Four Gravets,Thudawa South,LK3242070
Matara MC,Southern,Matara,Matara Four Gravets,Sudarshi Place,LK3242075
Matara MC,Southern,Matara,Matara Four Gravets,Hittatiya East,LK3242080
Matara MC,Southern,Matara,Matara Four Gravets,Hittatiya Meda,LK3242085
Matara MC,Southern,Matara,Matara Four Gravets,Godagama,LK3242090
Matara MC,Southern,Matara,Matara Four Gravets,Eduwa - Madurudoowa,LK3242095
Matara MC,Southern,Matara,Matara Four Gravets,Kanattagoda North,LK3242100
Matara MC,Southern,Matara,Matara Four Gravets,Wewahamandoowa,LK3242105
Matara MC,Southern,Matara,Matara Four Gravets,Hittatiya West,LK3242110
Matara MC,Southern,Matara,Matara Four Gravets,Isadeen Town,LK3242115
Matara MC,Southern,Matara,Matara Four Gravets,Weliweriya West,LK3242120
Matara MC,Southern,Matara,Matara Four Gravets,Weliweriya East,LK3242125
Matara MC,Southern,Matara,Matara Four Gravets,Walpala,LK3242130
Matara MC,Southern,Matara,Matara Four Gravets,Weragampita,LK3242135
Matara MC,Southern,Matara,Matara Four Gravets,Ruwan Ella,LK3242140
Matara MC,Southern,Matara,Matara Four Gravets,Kekanadura West,LK3242145
Matara MC,Southern,Matara,Matara Four Gravets,Kekanadura South,LK3242150
Matara MC,Southern,Matara,Matara Four Gravets,Parawahera South,LK3242155
Matara MC,Southern,Matara,Matara Four Gravets,Thalpavila North,LK3242160
Matara MC,Southern,Matara,Matara Four Gravets,Nakuttiya,LK3242165
Matara MC,Southern,Matara,Matara Four Gravets,Veherahena,LK3242170
Matara MC,Southern,Matara,Matara Four Gravets,Makavita,LK3242175
Matara MC,Southern,Matara,Matara Four Gravets,Weradoowa,LK3242180
Matara MC,Southern,Matara,Matara Four Gravets,Uyanwatta,LK3242185
Matara MC,Southern,Matara,Matara Four Gravets,Uyanwatta North,LK3242190
Matara MC,Southern,Matara,Matara Four Gravets,Kadeweediya East,LK3242195
Matara MC,Southern,Matara,Matara Four Gravets,Kadeweediya West,LK3242200
Matara MC,Southern,Matara,Matara Four Gravets,Welegoda East,LK3242205
Matara MC,Southern,Matara,Matara Four Gravets,Welegoda West,LK3242210
Matara MC,Southern,Matara,Matara Four Gravets,Mathotagama,LK3242215
Matara MC,Southern,Matara,Matara Four Gravets,Walgama North,LK3242220
Matara MC,Southern,Matara,Matara Four Gravets,Kanattegoda South,LK3242225
Matara MC,Southern,Matara,Matara Four Gravets,Madiha West,LK3242230
Matara MC,Southern,Matara,Matara Four Gravets,Walgama,LK3242235
Matara MC,Southern,Matara,Matara Four Gravets,Walgama Meda,LK3242240
Matara MC,Southern,Matara,Matara Four Gravets,Walgama South,LK3242245
Matara MC,Southern,Matara,Matara Four Gravets,Madiha East,LK3242250
Matara MC,Southern,Matara,Matara Four Gravets,Polhena,LK3242255
Matara MC,Southern,Matara,Matara Four Gravets,Pamburana,LK3242260
Matara MC,Southern,Matara,Matara Four Gravets,Noope,LK3242265
Matara MC,Southern,Matara,Matara Four Gravets,Kadeweediya South,LK3242270
Matara MC,Southern,Matara,Matara Four Gravets,Thotamuna,LK3242275
Matara MC,Southern,Matara,Matara Four Gravets,Fort,LK3242280
Matara MC,Southern,Matara,Matara Four Gravets,Kotuwegoda North,LK3242285
Matara MC,Southern,Matara,Matara Four Gravets,Eliyakanda North,LK3242290
Matara MC,Southern,Matara,Matara Four Gravets,Meddawatta,LK3242295
Matara MC,Southern,Matara,Matara Four Gravets,Rassandeniya,LK3242300
Matara MC,Southern,Matara,Matara Four Gravets,Wewa Ihalagoda,LK3242305
Matara MC,Southern,Matara,Matara Four Gravets,Thalpavila South,LK3242310
Matara MC,Southern,Matara,Matara Four Gravets,Gandarawatta,LK3242315
Matara MC,Southern,Matara,Matara Four Gravets,Meddawatta South,LK3242320
Matara MC,Southern,Matara,Matara Four Gravets,Eliyakanda South,LK3242325
Matara MC,Southern,Matara,Matara Four Gravets,Kotuwegoda South,LK3242330
Hambantota MC,Southern,Hambantota,Hambantota,Elalla,LK3312005
Hambantota MC,Southern,Hambantota,Hambantota,Ketenwewa,LK3312010
Hambantota MC,Southern,Hambantota,Hambantota,Thammennawa,LK3312015
Hambantota MC,Southern,Hambantota,Hambantota,Badagiriya,LK3312020
Hambantota MC,Southern,Hambantota,Hambantota,Yahangala East,LK3312025
Hambantota MC,Southern,Hambantota,Hambantota,Joolgamuwa,LK3312030
Hambantota MC,Southern,Hambantota,Hambantota,Yahangala West,LK3312035
Hambantota MC,Southern,Hambantota,Hambantota,Keliyapura,LK3312040
Hambantota MC,Southern,Hambantota,Hambantota,Gonnoruwa,LK3312045
Hambantota MC,Southern,Hambantota,Hambantota,Bellagaswewa,LK3312050
Hambantota MC,Southern,Hambantota,Hambantota,Galwewa,LK3312055
Hambantota MC,Southern,Hambantota,Hambantota,Siyambalagasvila South,LK3312060
Hambantota MC,Southern,Hambantota,Hambantota,Siyambalagasvila North,LK3312065
Hambantota MC,Southern,Hambantota,Hambantota,Udaberagama,LK3312070
Hambantota MC,Southern,Hambantota,Hambantota,Arawanamulla,LK3312075
Hambantota MC,Southern,Hambantota,Hambantota,Pahala Beragama,LK3312080
Hambantota MC,Southern,Hambantota,Hambantota,Dehigahalanda,LK3312085
Hambantota MC,Southern,Hambantota,Hambantota,Walawa,LK3312090
Hambantota MC,Southern,Hambantota,Hambantota,Godawaya,LK3312095
Hambantota MC,Southern,Hambantota,Hambantota,Sisilasagama,LK3312100
Hambantota MC,Southern,Hambantota,Hambantota,Manajjawa,LK3312105
Hambantota MC,Southern,Hambantota,Hambantota,Samodagama,LK3312110
Hambantota MC,Southern,Hambantota,Hambantota,Mirijjavila,LK3312115
Hambantota MC,Southern,Hambantota,Hambantota,Hambantota West,LK3312120
Hambantota MC,Southern,Hambantota,Hambantota,Hambantota East,LK3312125
Hambantota MC,Southern,Hambantota,Hambantota,Siribopura,LK3312130
Hambantota MC,Southern,Hambantota,Hambantota,Koholankala,LK3312135
Hambantota MC,Southern,Hambantota,Hambantota,Pallemalala,LK3312140
Hambantota MC,Southern,Hambantota,Hambantota,Bundala,LK3312145
Hambantota MC,Southern,Hambantota,Hambantota,Siriyagama,LK3312150
Kurunegala MC,North Western,Kurunegala,Kurunegala,Kalatuwa Pelessa,LK6154005
Kurunegala MC,North Western,Kurunegala,Kurunegala,Seeradunna,LK6154010
Kurunegala MC,North Western,Kurunegala,Kurunegala,Seruwawa,LK6154015
Kurunegala MC,North Western,Kurunegala,Kurunegala,Pubbowa,LK6154020
Kurunegala MC,North Western,Kurunegala,Kurunegala,Thalvita,LK6154025
Kurunegala MC,North Western,Kurunegala,Kurunegala,Waraddana,LK6154030
Kurunegala MC,North Western,Kurunegala,Kurunegala,Pahala Waraddana,LK6154035
Kurunegala MC,North Western,Kurunegala,Kurunegala,Rangama,LK6154040
Kurunegala MC,North Western,Kurunegala,Kurunegala,Wellawa,LK6154045
Kurunegala MC,North Western,Kurunegala,Kurunegala,Ginikarawa,LK6154050
Kurunegala MC,North Western,Kurunegala,Kurunegala,Pahala Hadirawalana,LK6154055
Kurunegala MC,North Western,Kurunegala,Kurunegala,Thalatuwa,LK6154060
Kurunegala MC,North Western,Kurunegala,Kurunegala,Rikillagamuwa,LK6154065
Kurunegala MC,North Western,Kurunegala,Kurunegala,Dematagolla,LK6154070
Kurunegala MC,North Western,Kurunegala,Kurunegala,Budanapitiya,LK6154075
Kurunegala MC,North Western,Kurunegala,Kurunegala,Hadirawalana Ihala,LK6154080
Kurunegala MC,North Western,Kurunegala,Kurunegala,Mahakandegama,LK6154085
Kurunegala MC,North Western,Kurunegala,Kurunegala,Alakoladeniya,LK6154090
Kurunegala MC,North Western,Kurunegala,Kurunegala,Bamunugedara,LK6154095
Kurunegala MC,North Western,Kurunegala,Kurunegala,Kurunegala Town - North East,LK6154100
Kurunegala MC,North Western,Kurunegala,Kurunegala,Kurunegala Town - North,LK6154105
Kurunegala MC,North Western,Kurunegala,Kurunegala,Gangoda,LK6154110
Kurunegala MC,North Western,Kurunegala,Kurunegala,Vilgoda,LK6154115
Kurunegala MC,North Western,Kurunegala,Kurunegala,Heraliyawala,LK6154120
Kurunegala MC,North Western,Kurunegala,Kurunegala,Bamunawala,LK6154125
Kurunegala MC,North Western,Kurunegala,Kurunegala,Malkaduwawa,LK6154130
Kurunegala MC,North Western,Kurunegala,Kurunegala,Malkaduwawa South,LK6154135
Kurunegala MC,North Western,Kurunegala,Kurunegala,Malkaduwawa North,LK6154140
Kurunegala MC,North Western,Kurunegala,Kurunegala,Kurunegala Town - West,LK6154145
Kurunegala MC,North Western,Kurunegala,Kurunegala,Iluppugedara,LK6154150
Kurunegala MC,North Western,Kurunegala,Kurunegala,Kurunegala Town - Central,LK6154155
Kurunegala MC,North Western,Kurunegala,Kurunegala,Kurunegala Town - Bazaar,LK6154160
Kurunegala MC,North Western,Kurunegala,Kurunegala,Gettuwana,LK6154165
Kurunegala MC,North Western,Kurunegala,Kurunegala,Kurunegala Town - East,LK6154170
Kurunegala MC,North Western,Kurunegala,Kurunegala,Theliyagonna,LK6154175
Kurunegala MC,North Western,Kurunegala,Kurunegala,Udawalpola,LK6154180
Kurunegala MC,North Western,Kurunegala,Kurunegala,Kurunegala Town - South,LK6154185
Kurunegala MC,North Western,Kurunegala,Kurunegala,Veherabenda,LK6154190
Kurunegala MC,North Western,Kurunegala,Kurunegala,Henamulla,LK6154195
Kurunegala MC,North Western,Kurunegala,Kurunegala,Wehera East,LK6154200
Kurunegala MC,North Western,Kurunegala,Kurunegala,Wehera West,LK6154205
Kurunegala MC,North Western,Kurunegala,Kurunegala,Akaragana North,LK6154210
Kurunegala MC,North Western,Kurunegala,Kurunegala,Wanduragala,LK6154215
Kurunegala MC,North Western,Kurunegala,Kurunegala,Rathgalla,LK6154220
Kurunegala MC,North Western,Kurunegala,Kurunegala,Boyagane,LK6154225
Kurunegala MC,North Western,Kurunegala,Kurunegala,Akaragana South,LK6154230
Kurunegala MC,North Western,Kurunegala,Kurunegala,Vilbawa,LK6154235
Kurunegala MC,North Western,Kurunegala,Kurunegala,Nailiya,LK6154240
Kurunegala MC,North Western,Kurunegala,Kurunegala,Madithiyawala,LK6154245
Kurunegala MC,North Western,Kurunegala,Kurunegala,Thorawathura,LK6154250
Kurunegala MC,North Western,Kurunegala,Kurunegala,Mathawa,LK6154255
Kurunegala MC,North Western,Kurunegala,Kurunegala,Attanapitiya,LK6154260
Kurunegala MC,North Western,Kurunegala,Kurunegala,Pahala Thalampitiya,LK6154265
Kurunegala MC,North Western,Kurunegala,Kurunegala,Kudumbuwa,LK6154270
Puttalam MC,North Western,Puttalam,Puttalam,Manalthivu,LK6215005
Puttalam MC,North Western,Puttalam,Puttalam,Sirambiadiya,LK6215010
Puttalam MC,North Western,Puttalam,Puttalam,Sella Kandal,LK6215015
Puttalam MC,North Western,Puttalam,Puttalam,Nelumwewa,LK6215020
Puttalam MC,North Western,Puttalam,Puttalam,Marikkar Street,LK6215025
Puttalam MC,North Western,Puttalam,Puttalam,Mullipuram,LK6215030
Puttalam MC,North Western,Puttalam,Puttalam,Pudukudirippuwa,LK6215035
Puttalam MC,North Western,Puttalam,Puttalam,Puttalam East,LK6215040
Puttalam MC,North Western,Puttalam,Puttalam,Senakudirippuwa,LK6215045
Puttalam MC,North Western,Puttalam,Puttalam,Thiladiya,LK6215050
Puttalam MC,North Western,Puttalam,Puttalam,Puttalam South,LK6215055
Puttalam MC,North Western,Puttalam,Puttalam,Parana Jumma Palli,LK6215060
Puttalam MC,North Western,Puttalam,Puttalam,Puttalam North,LK6215065
Puttalam MC,North Western,Puttalam,Puttalam,Periyapalli Kudiyiruppuwa,LK6215070
Puttalam MC,North Western,Puttalam,Puttalam,Rathmalyaya,LK6215075
Puttalam MC,North Western,Puttalam,Puttalam,Thammennagama,LK6215080
Puttalam MC,North Western,Puttalam,Puttalam,Kaladiya,LK6215085
Puttalam MC,North Western,Puttalam,Puttalam,Bodhirajapura,LK6215090
Puttalam MC,North Western,Puttalam,Puttalam,Attavilluwa,LK6215095
Puttalam MC,North Western,Puttalam,Puttalam,Palaviya,LK6215100
Puttalam MC,North Western,Puttalam,Puttalam,Pottuvilluwa,LK6215105
Puttalam MC,North Western,Puttalam,Puttalam,Attavilluwa Central,LK6215110
Anuradhapura MC,North Central,Anuradhapura,Nuwaragam Palatha East,Nuwara Wewa,LK7133005
Anuradhapura MC,North Central,Anuradhapura,Nuwaragam Palatha East,Step1 Part 1,LK7133010
Anuradhapura MC,North Central,Anuradhapura,Nuwaragam Palatha East,Mahakalattewa,LK7133015
Anuradhapura MC,North Central,Anuradhapura,Nuwaragam Palatha East,Thariyankulama,LK7133020
Anuradhapura MC,North Central,Anuradhapura,Nuwaragam Palatha East,Nelumkanniya,LK7133025
Anuradhapura MC,North Central,Anuradhapura,Nuwaragam Palatha East,Kuda Nelumkulama,LK7133030
Anuradhapura MC,North Central,Anuradhapura,Nuwaragam Palatha East,Keerikkulama,LK7133035
Anuradhapura MC,North Central,Anuradhapura,Nuwaragam Palatha East,Thammennapura,LK7133040
Anuradhapura MC,North Central,Anuradhapura,Nuwaragam Palatha East,Wannithammennawa,LK7133045
Anuradhapura MC,North Central,Anuradhapura,Nuwaragam Palatha East,Thammennakulama,LK7133050
Anuradhapura MC,North Central,Anuradhapura,Nuwaragam Palatha East,Step 1 Part 2,LK7133055
Anuradhapura MC,North Central,Anuradhapura,Nuwaragam Palatha East,Step 2 Part 3,LK7133060
Anuradhapura MC,North Central,Anuradhapura,Nuwaragam Palatha East,Step 2 Part 2,LK7133065
Anuradhapura MC,North Central,Anuradhapura,Nuwaragam Palatha East,Pothanegama,LK7133070
Anuradhapura MC,North Central,Anuradhapura,Nuwaragam Palatha East,Step 3 Part 3,LK7133075
Anuradhapura MC,North Central,Anuradhapura,Nuwaragam Palatha East,Step 2 Part 1,LK7133080
Anuradhapura MC,North Central,Anuradhapura,Nuwaragam Palatha East,Step 2 Part 4,LK7133085
Anuradhapura MC,North Central,Anuradhapura,Nuwaragam Palatha East,Wanniyankulama Kotasa 4,LK7133090
Anuradhapura MC,North Central,Anuradhapura,Nuwaragam Palatha East,Wanniyankulama Kotasa 5,LK7133095
Anuradhapura MC,North Central,Anuradhapura,Nuwaragam Palatha East,Wanniyankulama Kotasa 6,LK7133100
Anuradhapura MC,North Central,Anuradhapura,Nuwaragam Palatha East,Gnanikulama,LK7133105
Anuradhapura MC,North Central,Anuradhapura,Nuwaragam Palatha East,Kawarakkulama,LK7133110
Anuradhapura MC,North Central,Anuradhapura,Nuwaragam Palatha East,Mahapaladikulama,LK7133115
Anuradhapura MC,North Central,Anuradhapura,Nuwaragam Palatha East,Step 3 Part 1,LK7133120
Anuradhapura MC,North Central,Anuradhapura,Nuwaragam Palatha East,Step 3 Part 2,LK7133125
Anuradhapura MC,North Central,Anuradhapura,Nuwaragam Palatha East,Wanniyankulama Kotasa 3,LK7133130
Anuradhapura MC,North Central,Anuradhapura,Nuwaragam Palatha East,Wanniyankulama Kotasa 1,LK7133135
Anuradhapura MC,North Central,Anuradhapura,Nuwaragam Palatha East,Wanniyankulama Kotasa 2,LK7133140
Anuradhapura MC,North Central,Anuradhapura,Nuwaragam Palatha East,Sucharithagama,LK7133145
Polonnaruwa MC,North Central,Polonnaruwa,Thamankaduwa,Shanthipura,LK7215005
Polonnaruwa MC,North Central,Polonnaruwa,Thamankaduwa,Sinhapura,LK7215010
Polonnaruwa MC,North Central,Polonnaruwa,Thamankaduwa,Wijayabahupura,LK7215015
Polonnaruwa MC,North Central,Polonnaruwa,Thamankaduwa,Unagalavehera South,LK7215020
Polonnaruwa MC,North Central,Polonnaruwa,Thamankaduwa,Laksha Uyana,LK7215025
Polonnaruwa MC,North Central,Polonnaruwa,Thamankaduwa,Sevagama,LK7215030
Polonnaruwa MC,North Central,Polonnaruwa,Thamankaduwa,Wewethenna,LK7215035
Polonnaruwa MC,North Central,Polonnaruwa,Thamankaduwa,Monarathenna,LK7215040
Polonnaruwa MC,North Central,Polonnaruwa,Thamankaduwa,Damana Gemunupura,LK7215045
Polonnaruwa MC,North Central,Polonnaruwa,Thamankaduwa,Kalinga Ela,LK7215050
Polonnaruwa MC,North Central,Polonnaruwa,Thamankaduwa,Onegama,LK7215055
Polonnaruwa MC,North Central,Polonnaruwa,Thamankaduwa,Sinharajapura,LK7215060
Polonnaruwa MC,North Central,Polonnaruwa,Thamankaduwa,Pudur,LK7215065
Polonnaruwa MC,North Central,Polonnaruwa,Thamankaduwa,Medamaluwa,LK7215070
Polonnaruwa MC,North Central,Polonnaruwa,Thamankaduwa,Wijayarajapura,LK7215075
Polonnaruwa MC,North Central,Polonnaruwa,Thamankaduwa,Palugasdamana 03 Ela,LK7215080
Polonnaruwa MC,North Central,Polonnaruwa,Thamankaduwa,Palugasdamana 02 Ela,LK7215085
Polonnaruwa MC,North Central,Polonnaruwa,Thamankaduwa,Palugasdamana 01 Ela,LK7215090
Polonnaruwa MC,North Central,Polonnaruwa,Thamankaduwa,Palugasdamana South,LK7215095
Polonnaruwa MC,North Central,Polonnaruwa,Thamankaduwa,Palugasdamana North,LK7215100
Polonnaruwa MC,North Central,Polonnaruwa,Thamankaduwa,Nishshankamallapura,LK7215105
Polonnaruwa MC,North Central,Polonnaruwa,Thamankaduwa,Ethumalpitiya,LK7215110
Polonnaruwa MC,North Central,Polonnaruwa,Thamankaduwa,Nikawewa,LK7215115
Polonnaruwa MC,North Central,Polonnaruwa,Thamankaduwa,Kadawalawewa,LK7215120
Polonnaruwa MC,North Central,Polonnaruwa,Thamankaduwa,Samudragama,LK7215125
Polonnaruwa MC,North Central,Polonnaruwa,Thamankaduwa,Sirisangabo Pedesa,LK7215130
Polonnaruwa MC,North Central,Polonnaruwa,Thamankaduwa,Bendiwewa,LK7215135
Polonnaruwa MC,North Central,Polonnaruwa,Thamankaduwa,Galthambarawa,LK7215140
Polonnaruwa MC,North Central,Polonnaruwa,Thamankaduwa,Kuruppu Junction,LK7215145
Polonnaruwa MC,North Central,Polonnaruwa,Thamankaduwa,Mahasen Pedesa,LK7215150
Polonnaruwa MC,North Central,Polonnaruwa,Thamankaduwa,Kaduruwela West,LK7215155
Polonnaruwa MC,North Central,Polonnaruwa,Thamankaduwa,Kaduruwela East,LK7215160
Polonnaruwa MC,North Central,Polonnaruwa,Thamankaduwa,Divulana,LK7215165
Polonnaruwa MC,North Central,Polonnaruwa,Thamankaduwa,Gallalla East,LK7215170
Polonnaruwa MC,North Central,Polonnaruwa,Thamankaduwa,Manikkampattiya,LK7215175
Polonnaruwa MC,North Central,Polonnaruwa,Thamankaduwa,Gallella West,LK7215180
Polonnaruwa MC,North Central,Polonnaruwa,Thamankaduwa,Nelumvila,LK7215185
Polonnaruwa MC,North Central,Polonnaruwa,Thamankaduwa,Kaduruwela South,LK7215190
Polonnaruwa MC,North Central,Polonnaruwa,Thamankaduwa,Perakum Pedesa,LK7215195
Polonnaruwa MC,North Central,Polonnaruwa,Thamankaduwa,Weera Pedesa,LK7215200
Polonnaruwa MC,North Central,Polonnaruwa,Thamankaduwa,Pulathisi Pedesa,LK7215205
Polonnaruwa MC,North Central,Polonnaruwa,Thamankaduwa,Polonnaruwa Town,LK7215210
Polonnaruwa MC,North Central,Polonnaruwa,Thamankaduwa,Thopawewa,LK7215215
Polonnaruwa MC,North Central,Polonnaruwa,Thamankaduwa,Sinha Udagama,LK7215220
Polonnaruwa MC,North Central,Polonnaruwa,Thamankaduwa,Pothgul Pedesa,LK7215225
Polonnaruwa MC,North Central,Polonnaruwa,Thamankaduwa,Udawela,LK7215230
Polonnaruwa MC,North Central,Polonnaruwa,Thamankaduwa,Ganangolla,LK7215235
Polonnaruwa MC,North Central,Polonnaruwa,Thamankaduwa,Nishshankamalla Pedesa,LK7215240
Polonnaruwa MC,North Central,Polonnaruwa,Thamankaduwa,Mahaweli Pedesa,LK7215245
Polonnaruwa MC,North Central,Polonnaruwa,Thamankaduwa,Kotaleeya,LK7215250
Polonnaruwa MC,North Central,Polonnaruwa,Thamankaduwa,Aluthwewa East,LK7215255
Polonnaruwa MC,North Central,Polonnaruwa,Thamankaduwa,Aluthwewa West,LK7215260
Polonnaruwa MC,North Central,Polonnaruwa,Thamankaduwa,Parakrama Samudraya,LK7215265
Polonnaruwa MC,North Central,Polonnaruwa,Thamankaduwa,Ambanganga,LK7215270
Polonnaruwa MC,North Central,Polonnaruwa,Thamankaduwa,Kalahagala,LK7215275
Badulla MC,Uva,Badulla,Badulla,Pitawelagama,LK8121005
Badulla MC,Uva,Badulla,Badulla,Badulla North,LK8121010
Badulla MC,Uva,Badulla,Badulla,Medapathana,LK8121015
Badulla MC,Uva,Badulla,Badulla,Kailagoda,LK8121020
Badulla MC,Uva,Badulla,Badulla,Andeniya,LK8121025
Badulla MC,Uva,Badulla,Badulla,Sirimalgoda,LK8121030
Badulla MC,Uva,Badulla,Badulla,Damanwara,LK8121035
Badulla MC,Uva,Badulla,Badulla,Hinnarangolla,LK8121040
Badulla MC,Uva,Badulla,Badulla,Kendagolla,LK8121045
Badulla MC,Uva,Badulla,Badulla,Thelbedda Estate,LK8121050
Badulla MC,Uva,Badulla,Badulla,Ilukthenna,LK8121055
Badulla MC,Uva,Badulla,Badulla,Hegoda,LK8121060
Badulla MC,Uva,Badulla,Badulla,Badulupitiya,LK8121065
Badulla MC,Uva,Badulla,Badulla,Badulla Central,LK8121070
Badulla MC,Uva,Badulla,Badulla,Badulla West,LK8121075
Badulla MC,Uva,Badulla,Badulla,Katupelella,LK8121080
Badulla MC,Uva,Badulla,Badulla,Badulla South,LK8121085
Badulla MC,Uva,Badulla,Badulla,Badulla East,LK8121090
Badulla MC,Uva,Badulla,Badulla,Hindagoda,LK8121095
Badulla MC,Uva,Badulla,Badulla,Rambukpotha,LK8121100
Badulla MC,Uva,Badulla,Badulla,Malangamuwa,LK8121105
Badulla MC,Uva,Badulla,Badulla,Viyadiguna,LK8121110
Badulla MC,Uva,Badulla,Badulla,Vineethagama,LK8121115
Badulla MC,Uva,Badulla,Badulla,Wewessa,LK8121120
Badulla MC,Uva,Badulla,Badulla,Welibissa,LK8121125
Badulla MC,Uva,Badulla,Badulla,Glen Alpin Estate,LK8121130
Badulla MC,Uva,Badulla,Badulla,Udawela,LK8121135
Badulla MC,Uva,Badulla,Badulla,Hingurugamuwa,LK8121140
Badulla MC,Uva,Badulla,Badulla,Kanupelella,LK8121145
Bandarawela MC,Uva,Badulla,Bandarawela,Mathetilla,LK8133005
Bandarawela MC,Uva,Badulla,Bandarawela,Konthahela,LK8133010
Bandarawela MC,Uva,Badulla,Bandarawela,Icelab Watta,LK8133015
Bandarawela MC,Uva,Badulla,Bandarawela,Kirioruwa,LK8133020
Bandarawela MC,Uva,Badulla,Bandarawela,Ettalapitiya,LK8133025
Bandarawela MC,Uva,Badulla,Bandarawela,Diganathenna,LK8133030
Bandarawela MC,Uva,Badulla,Bandarawela,Ambegoda,LK8133035
Bandarawela MC,Uva,Badulla,Bandarawela,Wewathenna,LK8133040
Bandarawela MC,Uva,Badulla,Bandarawela,Watagamuwa,LK8133045
Bandarawela MC,Uva,Badulla,Bandarawela,Bindunuwewa,LK8133050
Bandarawela MC,Uva,Badulla,Bandarawela,Kebillewela North,LK8133055
Bandarawela MC,Uva,Badulla,Bandarawela,Gediyaroda,LK8133060
Bandarawela MC,Uva,Badulla,Bandarawela,Bandarawela West,LK8133065
Bandarawela MC,Uva,Badulla,Bandarawela,Bandarawela East,LK8133070
Bandarawela MC,Uva,Badulla,Bandarawela,Thanthiriya,LK8133075
Bandarawela MC,Uva,Badulla,Bandarawela,Udaperuwa,LK8133080
Bandarawela MC,Uva,Badulla,Bandarawela,Egodagama,LK8133085
Bandarawela MC,Uva,Badulla,Bandarawela,Weheragalathenna,LK8133090
Bandarawela MC,Uva,Badulla,Bandarawela,Bambaragama,LK8133095
Bandarawela MC,Uva,Badulla,Bandarawela,Makulella,LK8133100
Bandarawela MC,Uva,Badulla,Bandarawela,Kinigama,LK8133105
Bandarawela MC,Uva,Badulla,Bandarawela,Inikambedda,LK8133110
Bandarawela MC,Uva,Badulla,Bandarawela,Karagahawela,LK8133115
Bandarawela MC,Uva,Badulla,Bandarawela,Obadella,LK8133120
Bandarawela MC,Uva,Badulla,Bandarawela,Beddekumbura,LK8133125
Bandarawela MC,Uva,Badulla,Bandarawela,Kebillewela South,LK8133130
Bandarawela MC,Uva,Badulla,Bandarawela,Mahaulpatha,LK8133135
Bandarawela MC,Uva,Badulla,Bandarawela,Darahitawanagoda,LK8133140
Bandarawela MC,Uva,Badulla,Bandarawela,Doolgolla,LK8133145
Bandarawela MC,Uva,Badulla,Bandarawela,Creig Watta,LK8133150
Bandarawela MC,Uva,Badulla,Bandarawela,Liyangahawela Watta,LK8133155
Bandarawela MC,Uva,Badulla,Bandarawela,Ambadandegama,LK8133160
Bandarawela MC,Uva,Badulla,Bandarawela,Beddearawa,LK8133165
Bandarawela MC,Uva,Badulla,Bandarawela,Liyangahawela,LK8133170
Bandarawela MC,Uva,Badulla,Bandarawela,Nayabedda Estate,LK8133175
Ratnapura MC,Sabaragamuwa,Ratnapura,Ratnapura,Gileemale North,LK9112005
Ratnapura MC,Sabaragamuwa,Ratnapura,Ratnapura,Ketawala,LK9112010
Ratnapura MC,Sabaragamuwa,Ratnapura,Ratnapura,Guruluwana,LK9112015
Ratnapura MC,Sabaragamuwa,Ratnapura,Ratnapura,Siripagama,LK9112020
Ratnapura MC,Sabaragamuwa,Ratnapura,Ratnapura,Sri Palabaddala,LK9112025
Ratnapura MC,Sabaragamuwa,Ratnapura,Ratnapura,Mapalana,LK9112030
Ratnapura MC,Sabaragamuwa,Ratnapura,Ratnapura,Kudawa,LK9112035
Ratnapura MC,Sabaragamuwa,Ratnapura,Ratnapura,Dehenakanda,LK9112040
Ratnapura MC,Sabaragamuwa,Ratnapura,Ratnapura,Bambarabotuwa,LK9112045
Ratnapura MC,Sabaragamuwa,Ratnapura,Ratnapura,Alupola,LK9112050
Ratnapura MC,Sabaragamuwa,Ratnapura,Ratnapura,Balakotunna,LK9112055
Ratnapura MC,Sabaragamuwa,Ratnapura,Ratnapura,Hapugasthenna,LK9112060
Ratnapura MC,Sabaragamuwa,Ratnapura,Ratnapura,Rathgama,LK9112065
Ratnapura MC,Sabaragamuwa,Ratnapura,Ratnapura,Gileemale South,LK9112070
Ratnapura MC,Sabaragamuwa,Ratnapura,Ratnapura,Pagoda,LK9112075
Ratnapura MC,Sabaragamuwa,Ratnapura,Ratnapura,Embuldeniya,LK9112080
Ratnapura MC,Sabaragamuwa,Ratnapura,Ratnapura,Malangama,LK9112085
Ratnapura MC,Sabaragamuwa,Ratnapura,Ratnapura,Amuthagoda,LK9112090
Ratnapura MC,Sabaragamuwa,Ratnapura,Ratnapura,Kahangama,LK9112095
Ratnapura MC,Sabaragamuwa,Ratnapura,Ratnapura,Ketaliyampalla,LK9112100
Ratnapura MC,Sabaragamuwa,Ratnapura,Ratnapura,New Town,LK9112105
Ratnapura MC,Sabaragamuwa,Ratnapura,Ratnapura,Ellegedara,LK9112110
Ratnapura MC,Sabaragamuwa,Ratnapura,Ratnapura,Malwala,LK9112115
Ratnapura MC,Sabaragamuwa,Ratnapura,Ratnapura,Durekkanda,LK9112120
Ratnapura MC,Sabaragamuwa,Ratnapura,Ratnapura,Galabada,LK9112125
Ratnapura MC,Sabaragamuwa,Ratnapura,Ratnapura,Gallella,LK9112130
Ratnapura MC,Sabaragamuwa,Ratnapura,Ratnapura,Amunuthenna,LK9112135
Ratnapura MC,Sabaragamuwa,Ratnapura,Ratnapura,Kempanawatta,LK9112140
Ratnapura MC,Sabaragamuwa,Ratnapura,Ratnapura,Gurubevilagama,LK9112145
Ratnapura MC,Sabaragamuwa,Ratnapura,Ratnapura,Batewela,LK9112150
Ratnapura MC,Sabaragamuwa,Ratnapura,Ratnapura,Hettikanda,LK9112155
Ratnapura MC,Sabaragamuwa,Ratnapura,Ratnapura,Banagoda,LK9112160
Ratnapura MC,Sabaragamuwa,Ratnapura,Ratnapura,Heenberenduwa,LK9112165
Ratnapura MC,Sabaragamuwa,Ratnapura,Ratnapura,Egoda Malwala,LK9112170
Ratnapura MC,Sabaragamuwa,Ratnapura,Ratnapura,Meehitiya,LK9112175
Ratnapura MC,Sabaragamuwa,Ratnapura,Ratnapura,Kospelavinna,LK9112180
Ratnapura MC,Sabaragamuwa,Ratnapura,Ratnapura,Weralupe,LK9112185
Ratnapura MC,Sabaragamuwa,Ratnapura,Ratnapura,Dewalegawa,LK9112190
Ratnapura MC,Sabaragamuwa,Ratnapura,Ratnapura,Muwagama,LK9112195
Ratnapura MC,Sabaragamuwa,Ratnapura,Ratnapura,Ratnapura Town West,LK9112200
Ratnapura MC,Sabaragamuwa,Ratnapura,Ratnapura,Ratnapura Town North,LK9112205
Ratnapura MC,Sabaragamuwa,Ratnapura,Ratnapura,Mihindugama,LK9112210
Ratnapura MC,Sabaragamuwa,Ratnapura,Ratnapura,Mahawala,LK9112215
Ratnapura MC,Sabaragamuwa,Ratnapura,Ratnapura,Godigamuwa,LK9112220
Ratnapura MC,Sabaragamuwa,Ratnapura,Ratnapura,Ratnapura Town,LK9112225
Ratnapura MC,Sabaragamuwa,Ratnapura,Ratnapura,Mudduwa East,LK9112230
Ratnapura MC,Sabaragamuwa,Ratnapura,Ratnapura,Samagipura,LK9112235
Ratnapura MC,Sabaragamuwa,Ratnapura,Ratnapura,Ethoya,LK9112240
Ratnapura MC,Sabaragamuwa,Ratnapura,Ratnapura,Mudduwa,LK9112245
Ratnapura MC,Sabaragamuwa,Ratnapura,Ratnapura,Batugedara,LK9112250
Ratnapura MC,Sabaragamuwa,Ratnapura,Ratnapura,Angammana,LK9112255
Ratnapura MC,Sabaragamuwa,Ratnapura,Ratnapura,Thiriwanketiya,LK9112260
Ratnapura MC,Sabaragamuwa,Ratnapura,Ratnapura,Kolandagala,LK9112265
Kegalle MC,Sabaragamuwa,Kegalle,Kegalle,Siyambalapitiya,LK9212005
Kegalle MC,Sabaragamuwa,Kegalle,Kegalle,Pussella,LK9212010
Kegalle MC,Sabaragamuwa,Kegalle,Kegalle,Dimbulgamuwa,LK9212015
Kegalle MC,Sabaragamuwa,Kegalle,Kegalle,Kolongalla,LK9212020
Kegalle MC,Sabaragamuwa,Kegalle,Kegalle,Diyagama,LK9212025
Kegalle MC,Sabaragamuwa,Kegalle,Kegalle,Kalugalla,LK9212030
Kegalle MC,Sabaragamuwa,Kegalle,Kegalle,Puwakdeniya,LK9212035
Kegalle MC,Sabaragamuwa,Kegalle,Kegalle,Meepitiya,LK9212040
Kegalle MC,Sabaragamuwa,Kegalle,Kegalle,Olagankanda,LK9212045
Kegalle MC,Sabaragamuwa,Kegalle,Kegalle,Wewaladeniya,LK9212050
Kegalle MC,Sabaragamuwa,Kegalle,Kegalle,Ranwala,LK9212055
Kegalle MC,Sabaragamuwa,Kegalle,Kegalle,Paranagampola,LK9212060
Kegalle MC,Sabaragamuwa,Kegalle,Kegalle,Uraulla,LK9212065
Kegalle MC,Sabaragamuwa,Kegalle,Kegalle,Ambanpitiya,LK9212070
Kegalle MC,Sabaragamuwa,Kegalle,Kegalle,Beragala,LK9212075
Kegalle MC,Sabaragamuwa,Kegalle,Kegalle,Kegalle Town,LK9212080
Kegalle MC,Sabaragamuwa,Kegalle,Kegalle,Golahela,LK9212085
Kegalle MC,Sabaragamuwa,Kegalle,Kegalle,Pallewela,LK9212090
Kegalle MC,Sabaragamuwa,Kegalle,Kegalle,Karandupotha,LK9212095
Kegalle MC,Sabaragamuwa,Kegalle,Kegalle,Uda Karadupana,LK9212100
Kegalle MC,Sabaragamuwa,Kegalle,Kegalle,Nilmalgoda,LK9212105
Kegalle MC,Sabaragamuwa,Kegalle,Kegalle,Paragammana,LK9212110
Kegalle MC,Sabaragamuwa,Kegalle,Kegalle,Waldeniya,LK9212115
Kegalle MC,Sabaragamuwa,Kegalle,Kegalle,Dikella,LK9212120
Kegalle MC,Sabaragamuwa,Kegalle,Kegalle,Buluruppa,LK9212125
Kegalle MC,Sabaragamuwa,Kegalle,Kegalle,Ekiriyagala,LK9212130
Kegalle MC,Sabaragamuwa,Kegalle,Kegalle,Deewela Medagama,LK9212135
Kegalle MC,Sabaragamuwa,Kegalle,Kegalle,Deewela Pallegama,LK9212140
Kegalle MC,Sabaragamuwa,Kegalle,Kegalle,Ewunugalla,LK9212145
Kegalle MC,Sabaragamuwa,Kegalle,Kegalle,Dikkohupitiya,LK9212150
Kegalle MC,Sabaragamuwa,Kegalle,Kegalle,Kavudugama,LK9212155
Kegalle MC,Sabaragamuwa,Kegalle,Kegalle,Makoora,LK9212160
Kegalle MC,Sabaragamuwa,Kegalle,Kegalle,Bulugahadeniya,LK9212165
Kegalle MC,Sabaragamuwa,Kegalle,Kegalle,Thalewala,LK9212170
Kegalle MC,Sabaragamuwa,Kegalle,Kegalle,Hettimulla,LK9212175
Kegalle MC,Sabaragamuwa,Kegalle,Kegalle,Minuwangamuwa,LK9212180
Kegalle MC,Sabaragamuwa,Kegalle,Kegalle,Udumagama,LK9212185
Kegalle MC,Sabaragamuwa,Kegalle,Kegalle,Wadupola,LK9212190
Kegalle MC,Sabaragamuwa,Kegalle,Kegalle,Wathura,LK9212195
Kegalle MC,Sabaragamuwa,Kegalle,Kegalle,Meedeniya South,LK9212200
Kegalle MC,Sabaragamuwa,Kegalle,Kegalle,Meedeniya North,LK9212205
Kegalle MC,Sabaragamuwa,Kegalle,Kegalle,Malavita,LK9212210
Kegalle MC,Sabaragamuwa,Kegalle,Kegalle,Godigamuwa,LK9212215
Kegalle MC,Sabaragamuwa,Kegalle,Kegalle,Hapuvita Pallegama,LK9212220
Kegalle MC,Sabaragamuwa,Kegalle,Kegalle,Alapalawala,LK9212225
Kegalle MC,Sabaragamuwa,Kegalle,Kegalle,Nilapalagammana,LK9212230
Kegalle MC,Sabaragamuwa,Kegalle,Kegalle,Eregama,LK9212235
Kegalle MC,Sabaragamuwa,Kegalle,Kegalle,Athurupana,LK9212240
Kegalle MC,Sabaragamuwa,Kegalle,Kegalle,Rotuwa,LK9212245
Kegalle MC,Sabaragamuwa,Kegalle,Kegalle,Hungampola,LK9212250
Kegalle MC,Sabaragamuwa,Kegalle,Kegalle,Gurullawala,LK9212255
Kegalle MC,Sabaragamuwa,Kegalle,Kegalle,Moradana,LK9212260
Kegalle MC,Sabaragamuwa,Kegalle,Kegalle,Mabopitiya,LK9212265
Kegalle MC,Sabaragamuwa,Kegalle,Kegalle,Higgoda,LK9212270
Kegalle MC,Sabaragamuwa,Kegalle,Kegalle,Bossella,LK9212275
Kegalle MC,Sabaragamuwa,Kegalle,Kegalle,Ganthuna Pallegama North,LK9212280
Kegalle MC,Sabaragamuwa,Kegalle,Kegalle,Bogala,LK9212285
Kegalle MC,Sabaragamuwa,Kegalle,Kegalle,Thiyambarahena,LK9212290
Kegalle MC,Sabaragamuwa,Kegalle,Kegalle,Undugoda,LK9212295
Kegalle MC,Sabaragamuwa,Kegalle,Kegalle,Belihulwana,LK9212300
Kegalle MC,Sabaragamuwa,Kegalle,Kegalle,Ganthuna Pallegama South,LK9212305
Batticaloa MC,Eastern,Batticaloa,Manmunai North,Palameenmadu,LK5118005
Batticaloa MC,Eastern,Batticaloa,Manmunai North,Navalady,LK5118010
Batticaloa MC,Eastern,Batticaloa,Manmunai North,Amirthakali,LK5118015
Batticaloa MC,Eastern,Batticaloa,Manmunai North,Punnachcholai,LK5118020
Batticaloa MC,Eastern,Batticaloa,Manmunai North,Thiraimadu,LK5118025
Batticaloa MC,Eastern,Batticaloa,Manmunai North,Saththurukondan,LK5118030
Batticaloa MC,Eastern,Batticaloa,Manmunai North,Panichchaiyady,LK5118035
Batticaloa MC,Eastern,Batticaloa,Manmunai North,Kokkuvil,LK5118040
Batticaloa MC,Eastern,Batticaloa,Manmunai North,Sinna Oorani,LK5118045
Batticaloa MC,Eastern,Batticaloa,Manmunai North,Jayanthipuram,LK5118050
Batticaloa MC,Eastern,Batticaloa,Manmunai North,Karuvappankerny,LK5118055
Batticaloa MC,Eastern,Batticaloa,Manmunai North,Mamangam,LK5118060
Batticaloa MC,Eastern,Batticaloa,Manmunai North,Koolavadi,LK5118065
Batticaloa MC,Eastern,Batticaloa,Manmunai North,Koolavadi East,LK5118070
Batticaloa MC,Eastern,Batticaloa,Manmunai North,Thamaraikerny,LK5118075
Batticaloa MC,Eastern,Batticaloa,Manmunai North,Periya Uppodai,LK5118080
Batticaloa MC,Eastern,Batticaloa,Manmunai North,Dutch Bar,LK5118085
Batticaloa MC,Eastern,Batticaloa,Manmunai North,Thissaweerasingam Square,LK5118090
Batticaloa MC,Eastern,Batticaloa,Manmunai North,Iruthayapuram East,LK5118095
Batticaloa MC,Eastern,Batticaloa,Manmunai North,Iruthayapuram Central,LK5118100
Batticaloa MC,Eastern,Batticaloa,Manmunai North,Iruthayapuram West,LK5118105
Batticaloa MC,Eastern,Batticaloa,Manmunai North,Periya Oorani,LK5118110
Batticaloa MC,Eastern,Batticaloa,Manmunai North,Gnanasooriyam Square,LK5118115
Batticaloa MC,Eastern,Batticaloa,Manmunai North,Vettukkadu,LK5118120
Batticaloa MC,Eastern,Batticaloa,Manmunai North,Barathipuram,LK5118125
Batticaloa MC,Eastern,Batticaloa,Manmunai North,Thandavanveli,LK5118130
Batticaloa MC,Eastern,Batticaloa,Manmunai North,Arasadi,LK5118135
Batticaloa MC,Eastern,Batticaloa,Manmunai North,Koddamunai,LK5118140
Batticaloa MC,Eastern,Batticaloa,Manmunai North,Kallady Mugaththuwaram,LK5118145
Batticaloa MC,Eastern,Batticaloa,Manmunai North,Thiruchendhoor,LK5118150
Batticaloa MC,Eastern,Batticaloa,Manmunai North,Kallady,LK5118155
Batticaloa MC,Eastern,Batticaloa,Manmunai North,Kallady Veloor,LK5118160
Batticaloa MC,Eastern,Batticaloa,Manmunai North,Kallady Uppodai,LK5118165
Batticaloa MC,Eastern,Batticaloa,Manmunai North,Puliyantivu East,LK5118170
Batticaloa MC,Eastern,Batticaloa,Manmunai North,Puliyantivu Central,LK5118175
Batticaloa MC,Eastern,Batticaloa,Manmunai North,Puliyantivu West,LK5118180
Batticaloa MC,Eastern,Batticaloa,Manmunai North,Puliyantivu South,LK5118185
Batticaloa MC,Eastern,Batticaloa,Manmunai North,Thiruperunthurai,LK5118190
Batticaloa MC,Eastern,Batticaloa,Manmunai North,Puthunagar,LK5118195
Batticaloa MC,Eastern,Batticaloa,Manmunai North,Seththukudah,LK5118200
Batticaloa MC,Eastern,Batticaloa,Manmunai North,Veechchukalmunai,LK5118205
Batticaloa MC,Eastern,Batticaloa,Manmunai North,Thimilathivu,LK5118210
Batticaloa MC,Eastern,Batticaloa,Manmunai North,Nochchimunai,LK5118215
Batticaloa MC,Eastern,Batticaloa,Manmunai North,Navatkudah,LK5118220
Batticaloa MC,Eastern,Batticaloa,Manmunai North,Navatkudah East,LK5118225
Batticaloa MC,Eastern,Batticaloa,Manmunai North,Navatkudah South,LK5118230
Batticaloa MC,Eastern,Batticaloa,Manmunai North,Manjanthoduvai North,LK5118235
Batticaloa MC,Eastern,Batticaloa,Manmunai North,Manjanthoduvai South,LK5118240
Kalmunai MC,Eastern,Ampara,Kalmunai,Periyaneelavanai 01B,LK5221005
Kalmunai MC,Eastern,Ampara,Kalmunai,Periyaneelavanai 01A,LK5221010
Kalmunai MC,Eastern,Ampara,Kalmunai,Periyaneelavanai 01,LK5221015
Kalmunai MC,Eastern,Ampara,Kalmunai,Periyaneelavanai 02,LK5221020
Kalmunai MC,Eastern,Ampara,Kalmunai,Chenaikudiyiruppu 01A,LK5221025
Kalmunai MC,Eastern,Ampara,Kalmunai,Pandiruppu 01,LK5221030
Kalmunai MC,Eastern,Ampara,Kalmunai,Pandiruppu 01B,LK5221035
Kalmunai MC,Eastern,Ampara,Kalmunai,Pandiruppu 01C,LK5221040
Kalmunai MC,Eastern,Ampara,Kalmunai,Pandiruppu 01A,LK5221045
Kalmunai MC,Eastern,Ampara,Kalmunai,Pandiruppu 02,LK5221050
Kalmunai MC,Eastern,Ampara,Kalmunai,Pandiruppu 02B,LK5221055
Kalmunai MC,Eastern,Ampara,Kalmunai,Pandiruppu 02C,LK5221060
Kalmunai MC,Eastern,Ampara,Kalmunai,Pandiruppu 02A,LK5221065
Kalmunai MC,Eastern,Ampara,Kalmunai,Kalmunai 01D,LK5221070
Kalmunai MC,Eastern,Ampara,Kalmunai,Kalmunai 01B,LK5221075
Kalmunai MC,Eastern,Ampara,Kalmunai,Kalmunai 01A,LK5221080
Kalmunai MC,Eastern,Ampara,Kalmunai,Kalmunai 01,LK5221085
Kalmunai MC,Eastern,Ampara,Kalmunai,Natpiddimunai Td 03,LK5221090
Kalmunai MC,Eastern,Ampara,Kalmunai,Natpiddimunai Td 02,LK5221095
Kalmunai MC,Eastern,Ampara,Kalmunai,Natpiddimunai Td 01,LK5221100
Kalmunai MC,Eastern,Ampara,Kalmunai,Chenaikudiyiruppu 01B,LK5221105
Kalmunai MC,Eastern,Ampara,Kalmunai,Chenaikudiyiruppu 01,LK5221110
Kalmunai MC,Eastern,Ampara,Kalmunai,Kalmunai 01C,LK5221115
Kalmunai MC,Eastern,Ampara,Kalmunai,Kalmunai 01E,LK5221120
Kalmunai MC,Eastern,Ampara,Kalmunai,Kalmunai 02B,LK5221125
Kalmunai MC,Eastern,Ampara,Kalmunai,Kalmunai 02A,LK5221130
Kalmunai MC,Eastern,Ampara,Kalmunai,Kalmunai 02,LK5221135
Kalmunai MC,Eastern,Ampara,Kalmunai,Kalmunai 03,LK5221140
Kalmunai MC,Eastern,Ampara,Kalmunai,Kalmunai 03A,LK5221145
Kalmunai MC,Eastern,Ampara,Kalmunai,[unknown],LK5221150
Kalmunai MC,Eastern,Ampara,Kalmunai,[unknown],LK5221155
Kalmunai MC,Eastern,Ampara,Kalmunai,[unknown],LK5221160
Kalmunai MC,Eastern,Ampara,Kalmunai,[unknown],LK5221165
Kalmunai MC,Eastern,Ampara,Kalmunai,[unknown],LK5221170
Kalmunai MC,Eastern,Ampara,Kalmunai,[unknown],LK5221175
Kalmunai MC,Eastern,Ampara,Kalmunai,[unknown],LK5221180
Kalmunai MC,Eastern,Ampara,Kalmunai,[unknown],LK5221185
Kalmunai MC,Eastern,Ampara,Kalmunai,[unknown],LK5221190
Kalmunai MC,Eastern,Ampara,Kalmunai,[unknown],LK5221195
Kalmunai MC,Eastern,Ampara,Kalmunai,[unknown],LK5221200
Kalmunai MC,Eastern,Ampara,Kalmunai,[unknown],LK5221205
Kalmunai MC,Eastern,Ampara,Kalmunai,[unknown],LK5221210
Kalmunai MC,Eastern,Ampara,Kalmunai,[unknown],LK5221215
Kalmunai MC,Eastern,Ampara,Kalmunai,[unknown],LK5221230
Kalmunai MC,Eastern,Ampara,Kalmunai,[unknown],LK5221235
Kalmunai MC,Eastern,Ampara,Kalmunai,[unknown],LK5221240
Kalmunai MC,Eastern,Ampara,Kalmunai,[unknown],LK5221245
Kalmunai MC,Eastern,Ampara,Kalmunai,[unknown],LK5221250
Kalmunai MC,Eastern,Ampara,Kalmunai,[unknown],LK5221255
Kalmunai MC,Eastern,Ampara,Kalmunai,[unknown],LK5221260
Kalmunai MC,Eastern,Ampara,Kalmunai,[unknown],LK5221265
Kalmunai MC,Eastern,Ampara,Kalmunai,[unknown],LK5221270
Kalmunai MC,Eastern,Ampara,Kalmunai,[unknown],LK5221275
Kalmunai MC,Eastern,Ampara,Kalmunai,[unknown],LK5221280
Kalmunai MC,Eastern,Ampara,Kalmunai,[unknown],LK5221285
Kalmunai MC,Eastern,Ampara,Kalmunai,[unknown],LK5221290
Kalmunai MC,Eastern,Ampara,Kalmunai,[unknown],LK5221295
Kalmunai MC,Eastern,Ampara,Kalmunai,[unknown],LK5221300
Kalmunai MC,Eastern,Ampara,Sainthamaruthu,Sainthamaruthu 01,LK5225005
Kalmunai MC,Eastern,Ampara,Sainthamaruthu,Sainthamaruthu 02,LK5225010
Kalmunai MC,Eastern,Ampara,Sainthamaruthu,Sainthamaruthu 03,LK5225015
Kalmunai MC,Eastern,Ampara,Sainthamaruthu,Sainthamaruthu 04,LK5225020
Kalmunai MC,Eastern,Ampara,Sainthamaruthu,Sainthamaruthu 05,LK5225025
Kalmunai MC,Eastern,Ampara,Sainthamaruthu,Sainthamaruthu 06,LK5225030
Kalmunai MC,Eastern,Ampara,Sainthamaruthu,Sainthamaruthu 07,LK5225035
Kalmunai MC,Eastern,Ampara,Sainthamaruthu,Sainthamaruthu 08,LK5225040
Kalmunai MC,Eastern,Ampara,Sainthamaruthu,Sainthamaruthu 09,LK5225045
Kalmunai MC,Eastern,Ampara,Sainthamaruthu,Sainthamaruthu 10,LK5225050
Kalmunai MC,Eastern,Ampara,Sainthamaruthu,Sainthamaruthu 11,LK5225055
Kalmunai MC,Eastern,Ampara,Sainthamaruthu,Sainthamaruthu 13,LK5225060
Kalmunai MC,Eastern,Ampara,Sainthamaruthu,Sainthamaruthu 12,LK5225065
Kalmunai MC,Eastern,Ampara,Sainthamaruthu,Sainthamaruthu 17,LK5225070
Kalmunai MC,Eastern,Ampara,Sainthamaruthu,Sainthamaruthu 14,LK5225075
Kalmunai MC,Eastern,Ampara,Sainthamaruthu,Sainthamaruthu 15,LK5225080
Kalmunai MC,Eastern,Ampara,Sainthamaruthu,Sainthamaruthu 16,LK5225085
Akkaraipattu MC,Eastern,Ampara,Akkaraipattu,Alim Nagar,LK5236005
Akkaraipattu MC,Eastern,Ampara,Akkaraipattu,Easankanichcheemai,LK5236010
Akkaraipattu MC,Eastern,Ampara,Akkaraipattu,Pallikudiyiruppu 02,LK5236015
Akkaraipattu MC,Eastern,Ampara,Akkaraipattu,Paddiyadipiddy,LK5236020
Akkaraipattu MC,Eastern,Ampara,Akkaraipattu,Akkaraipattu 06,LK5236025
Akkaraipattu MC,Eastern,Ampara,Akkaraipattu,Akkaraipattu 05,LK5236030
Akkaraipattu MC,Eastern,Ampara,Akkaraipattu,Akkaraipattu 04,LK5236035
Akkaraipattu MC,Eastern,Ampara,Akkaraipattu,Akkaraipattu 16,LK5236040
Akkaraipattu MC,Eastern,Ampara,Akkaraipattu,Akkaraipattu 15,LK5236045
Akkaraipattu MC,Eastern,Ampara,Akkaraipattu,Akkaraipattu 14,LK5236050
Akkaraipattu MC,Eastern,Ampara,Akkaraipattu,Akkaraipattu 13,LK5236055
Akkaraipattu MC,Eastern,Ampara,Akkaraipattu,Akkaraipattu 12,LK5236060
Akkaraipattu MC,Eastern,Ampara,Akkaraipattu,Akkaraipattu 11,LK5236065
Akkaraipattu MC,Eastern,Ampara,Akkaraipattu,Akkaraipattu 01,LK5236070
Akkaraipattu MC,Eastern,Ampara,Akkaraipattu,Town Division 03,LK5236075
Akkaraipattu MC,Eastern,Ampara,Akkaraipattu,Akkaraipattu 10,LK5236080
Akkaraipattu MC,Eastern,Ampara,Akkaraipattu,Town Division 02,LK5236085
Akkaraipattu MC,Eastern,Ampara,Akkaraipattu,Akkaraipattu 02,LK5236090
Akkaraipattu MC,Eastern,Ampara,Akkaraipattu,Akkaraipattu 03,LK5236095
Akkaraipattu MC,Eastern,Ampara,Akkaraipattu,Akkaraipattu 17,LK5236100
Akkaraipattu MC,Eastern,Ampara,Akkaraipattu,Akkaraipattu 18,LK5236105
Akkaraipattu MC,Eastern,Ampara,Akkaraipattu,Akkaraipattu 20,LK5236110
Akkaraipattu MC,Eastern,Ampara,Akkaraipattu,Akkaraipattu 21,LK5236115
Akkaraipattu MC,Eastern,Ampara,Akkaraipattu,Pallikudiyiruppu 01,LK5236120
Akkaraipattu MC,Eastern,Ampara,Akkaraipattu,Akkaraipattu 19,LK5236125
Akkaraipattu MC,Eastern,Ampara,Akkaraipattu,Town Division 01,LK5236130
Akkaraipattu MC,Eastern,Ampara,Akkaraipattu,Town Division 05,LK5236135
Akkaraipattu MC,Eastern,Ampara,Akkaraipattu,Town Division 04,LK5236140
Trincomalee MC,Eastern,Trincomalee,Town & Gravets,Wilgama,LK5315005
Trincomalee MC,Eastern,Trincomalee,Town & Gravets,Welveri,LK5315010
Trincomalee MC,Eastern,Trincomalee,Town & Gravets,Kanniya,LK5315015
Trincomalee MC,Eastern,Trincomalee,Town & Gravets,Eluppaikulam,LK5315020
Trincomalee MC,Eastern,Trincomalee,Town & Gravets,Sampalthivu,LK5315025
Trincomalee MC,Eastern,Trincomalee,Town & Gravets,Salli,LK5315030
Trincomalee MC,Eastern,Trincomalee,Town & Gravets,Uppuveli,LK5315035
Trincomalee MC,Eastern,Trincomalee,Town & Gravets,Puliyankulam,LK5315040
Trincomalee MC,Eastern,Trincomalee,Town & Gravets,Varodayanagar,LK5315045
Trincomalee MC,Eastern,Trincomalee,Town & Gravets,Peeliyady,LK5315050
Trincomalee MC,Eastern,Trincomalee,Town & Gravets,Mankaiyoottu,LK5315055
Trincomalee MC,Eastern,Trincomalee,Town & Gravets,Andankulam,LK5315060
Trincomalee MC,Eastern,Trincomalee,Town & Gravets,Singhapura,LK5315065
Trincomalee MC,Eastern,Trincomalee,Town & Gravets,Kovilady,LK5315070
Trincomalee MC,Eastern,Trincomalee,Town & Gravets,Palaiyoottu,LK5315075
Trincomalee MC,Eastern,Trincomalee,Town & Gravets,Abayapura,LK5315080
Trincomalee MC,Eastern,Trincomalee,Town & Gravets,Anpuvalipuram,LK5315085
Trincomalee MC,Eastern,Trincomalee,Town & Gravets,Mihindupura,LK5315090
Trincomalee MC,Eastern,Trincomalee,Town & Gravets,Selvanayahapuram,LK5315095
Trincomalee MC,Eastern,Trincomalee,Town & Gravets,Jinnanagar,LK5315100
Trincomalee MC,Eastern,Trincomalee,Town & Gravets,Murugapuri,LK5315105
Trincomalee MC,Eastern,Trincomalee,Town & Gravets,Thirukkadaloor,LK5315110
Trincomalee MC,Eastern,Trincomalee,Town & Gravets,Pattanatheru,LK5315115
Trincomalee MC,Eastern,Trincomalee,Town & Gravets,Peruntheru,LK5315120
Trincomalee MC,Eastern,Trincomalee,Town & Gravets,Sivapuri,LK5315125
Trincomalee MC,Eastern,Trincomalee,Town & Gravets,Linganagar,LK5315130
Trincomalee MC,Eastern,Trincomalee,Town & Gravets,Mudcove,LK5315135
Trincomalee MC,Eastern,Trincomalee,Town & Gravets,Poompuhar,LK5315140
Trincomalee MC,Eastern,Trincomalee,Town & Gravets,Sumedhankarapura,LK5315145
Trincomalee MC,Eastern,Trincomalee,Town & Gravets,Muththunagar,LK5315150
Trincomalee MC,Eastern,Trincomalee,Town & Gravets,Kappalthurai,LK5315155
Trincomalee MC,Eastern,Trincomalee,Town & Gravets,Kawattikuda,LK5315160
Trincomalee MC,Eastern,Trincomalee,Town & Gravets,Nachchikuda,LK5315165
Trincomalee MC,Eastern,Trincomalee,Town & Gravets,Wellaimanal,LK5315170
Trincomalee MC,Eastern,Trincomalee,Town & Gravets,Chinabay,LK5315175
Trincomalee MC,Eastern,Trincomalee,Town & Gravets,Orr's Hill,LK5315180
Trincomalee MC,Eastern,Trincomalee,Town & Gravets,Thillainagar,LK5315185
Trincomalee MC,Eastern,Trincomalee,Town & Gravets,Arasadi,LK5315190
Trincomalee MC,Eastern,Trincomalee,Town & Gravets,Manayaveli,LK5315195
Trincomalee MC,Eastern,Trincomalee,Town & Gravets,Sonagavadi,LK5315200
Trincomalee MC,Eastern,Trincomalee,Town & Gravets,Arunagirinagar,LK5315205
Trincomalee MC,Eastern,Trincomalee,Town & Gravets,Villundy,LK5315210
Jaffna MC,Northern,Jaffna,Jaffna,Nedunkulam,LK4136005
Jaffna MC,Northern,Jaffna,Jaffna,Columbuthurai East,LK4136010
Jaffna MC,Northern,Jaffna,Jaffna,Columbuthurai West,LK4136015
Jaffna MC,Northern,Jaffna,Jaffna,Passaiyoor East,LK4136020
Jaffna MC,Northern,Jaffna,Jaffna,Passaiyoor West,LK4136025
Jaffna MC,Northern,Jaffna,Jaffna,Eachchamoddai,LK4136030
Jaffna MC,Northern,Jaffna,Jaffna,Thirunagar,LK4136035
Jaffna MC,Northern,Jaffna,Jaffna,Reclamation East,LK4136040
Jaffna MC,Northern,Jaffna,Jaffna,Reclamation West,LK4136045
Jaffna MC,Northern,Jaffna,Jaffna,Gurunagar East,LK4136050
Jaffna MC,Northern,Jaffna,Jaffna,Gurunagar West,LK4136055
Jaffna MC,Northern,Jaffna,Jaffna,Small Bazaar,LK4136060
Jaffna MC,Northern,Jaffna,Jaffna,Jaffna Town West,LK4136065
Jaffna MC,Northern,Jaffna,Jaffna,Jaffna Town East,LK4136070
Jaffna MC,Northern,Jaffna,Jaffna,Chundikuli South,LK4136075
Jaffna MC,Northern,Jaffna,Jaffna,Chundikuli North,LK4136080
Jaffna MC,Northern,Jaffna,Jaffna,Maruthady,LK4136085
Jaffna MC,Northern,Jaffna,Jaffna,Aththiyadi,LK4136090
Jaffna MC,Northern,Jaffna,Jaffna,Chirampiyadi,LK4136095
Jaffna MC,Northern,Jaffna,Jaffna,Grand Bazaar,LK4136100
Jaffna MC,Northern,Jaffna,Jaffna,Fort,LK4136105
Jaffna MC,Northern,Jaffna,Jaffna,Vannarpannai,LK4136110
Jaffna MC,Northern,Jaffna,Jaffna,Koddady,LK4136115
Jaffna MC,Northern,Jaffna,Jaffna,Navanthurai South,LK4136120
Jaffna MC,Northern,Jaffna,Jaffna,Navanthurai North,LK4136125
Jaffna MC,Northern,Jaffna,Jaffna,Moor Street South,LK4136130
Jaffna MC,Northern,Jaffna,Jaffna,Moor Street North,LK4136135
Jaffna MC,Northern,Jaffna,Jaffna,New Moor Street,LK4136140
Vavuniya MC,Northern,Vavuniya,Vavuniya,Palamoddai,LK4309005
Vavuniya MC,Northern,Vavuniya,Vavuniya,Maruthamadhu,LK4309010
Vavuniya MC,Northern,Vavuniya,Vavuniya,Panrikkeithakulam,LK4309015
Vavuniya MC,Northern,Vavuniya,Vavuniya,Arumugathanputhukulam,LK4309020
Vavuniya MC,Northern,Vavuniya,Vavuniya,Semamadhu,LK4309025
Vavuniya MC,Northern,Vavuniya,Vavuniya,Maligai,LK4309030
Vavuniya MC,Northern,Vavuniya,Vavuniya,Mahilankulam,LK4309035
Vavuniya MC,Northern,Vavuniya,Vavuniya,Maruthankulam,LK4309040
Vavuniya MC,Northern,Vavuniya,Vavuniya,Ilamaruthankulam,LK4309045
Vavuniya MC,Northern,Vavuniya,Vavuniya,Kallikulam,LK4309050
Vavuniya MC,Northern,Vavuniya,Vavuniya,Nochchimoddai,LK4309055
Vavuniya MC,Northern,Vavuniya,Vavuniya,Paranaddakal,LK4309060
Vavuniya MC,Northern,Vavuniya,Vavuniya,Puthukkulam,LK4309065
Vavuniya MC,Northern,Vavuniya,Vavuniya,Marukkarampalai,LK4309070
Vavuniya MC,Northern,Vavuniya,Vavuniya,Thandikulam,LK4309075
Vavuniya MC,Northern,Vavuniya,Vavuniya,Maharambaikulam,LK4309080
Vavuniya MC,Northern,Vavuniya,Vavuniya,Kaththarsinnakulam,LK4309085
Vavuniya MC,Northern,Vavuniya,Vavuniya,Nelukkulam,LK4309090
Vavuniya MC,Northern,Vavuniya,Vavuniya,Pattanichchoor Puliyankulam,LK4309095
Vavuniya MC,Northern,Vavuniya,Vavuniya,Vavuniya Town,LK4309100
Vavuniya MC,Northern,Vavuniya,Vavuniya,Omanthai,LK4309105
Vavuniya MC,Northern,Vavuniya,Vavuniya,Salambaikkulam,LK4309110
Vavuniya MC,Northern,Vavuniya,Vavuniya,Sasthrikoolankulam,LK4309115
Vavuniya MC,Northern,Vavuniya,Vavuniya,Echchankulam,LK4309120
Vavuniya MC,Northern,Vavuniya,Vavuniya,Kalmadu,LK4309125
Vavuniya MC,Northern,Vavuniya,Vavuniya,Poovarasankulam,LK4309130
Vavuniya MC,Northern,Vavuniya,Vavuniya,Sekkadipulavu,LK4309135
Vavuniya MC,Northern,Vavuniya,Vavuniya,Pampaimadu,LK4309140
Vavuniya MC,Northern,Vavuniya,Vavuniya,Rejendrankulam,LK4309145
Vavuniya MC,Northern,Vavuniya,Vavuniya,Koomankulam,LK4309150
Vavuniya MC,Northern,Vavuniya,Vavuniya,Kovilkulam,LK4309155
Vavuniya MC,Northern,Vavuniya,Vavuniya,Velikulam,LK4309160
Vavuniya MC,Northern,Vavuniya,Vavuniya,Moonrumurippu,LK4309165
Vavuniya MC,Northern,Vavuniya,Vavuniya,Kandapuram,LK4309170
Vavuniya MC,Northern,Vavuniya,Vavuniya,Thonikal,LK4309175
Vavuniya MC,Northern,Vavuniya,Vavuniya,Samalankulam,LK4309180
Vavuniya MC,Northern,Vavuniya,Vavuniya,Asikulam,LK4309185
Vavuniya MC,Northern,Vavuniya,Vavuniya,Rambaikulam,LK4309190
Vavuniya MC,Northern,Vavuniya,Vavuniya,Vairavapuliyankulam,LK4309195
Vavuniya MC,Northern,Vavuniya,Vavuniya,Pandarikulam,LK4309200
Vavuniya MC,Northern,Vavuniya,Vavuniya,Vavuniya Town North,LK4309205
Vavuniya MC,Northern,Vavuniya,Vavuniya,Velankulam,LK4309210
